{
  "data": {
    "searchDeal": {
      "didError": false,
      "errorCode": null,
      "errorMessage": null,
      "deals": [
        {
          "bdId": 90672515,
          "dealNumber": 100121162,
          "dealVersionNumber": 3,
          "tenantId": "HPI",
          "stopReason": "QUOTE",
          "companyId": "Y10090815305",
          "endUserCompanyName": "UNIVERSITY OF ST MARK & ST JOHN",
          "dealDescription": "test uk",
          "dealBeginDate": "2015-06-23T00:00:00.000Z",
          "dealEndDate": "2015-08-31T00:00:00.000Z",
          "versionStatus": "FSA",
          "dealProgCode": "F",
          "bdmeCode": "S",
          "quoteDistCode": "A",
          "wonOrLossStatus": "W",
          "dealLockFlag": "N",
          "dealLockUserId": null,
          "businessModelName": "Volume Channel",
          "dealCountry": "United Kingdom",
          "endUserCountryName": "United Kingdom",
          "endUserState": "",
          "drivingSalesRep": "FINICHIU, ALEXANDRA",
          "submitDate": "0001-01-01T00:00:00.000Z",
          "lastSavedDate": "2015-06-23T09:50:46.000Z",
          "dealCreator": "FINICHIU, ALEXANDRA",
          "requestId": "",
          "cRMOpportunityId": "",
          "watsonQuoteId": "",
          "dealExtQuoteNumber": "",
          "dealExtQuoteVersion": "",
          "tierLevel": "",
          "tierName": "",
          "sFProgramId": "",
          "currentVersionFlag": "Y",
          "initHpEmployeeNumber": "21801964",
          "oPGNumber": "SWN3",
          "archiveFlag": "N",
          "businessModelCode": "CH",
          "controlCountryCode": "GB",
          "tenantIdDataCode": "HPI",
          "mixedTenantCode": "R",
          "isDealExpired": false,
          "freezeFlag": "",
          "lastMessage": "",
          "salesTerritoryId": "",
          "dealSource": "",
          "dealType": "",
          "mCCode": ""
        },
        {
          "bdId": 90666015,
          "dealNumber": 100118166,
          "dealVersionNumber": 1,
          "tenantId": "HPI",
          "stopReason": "QUOTE",
          "companyId": "Y10090855306",
          "endUserCompanyName": "JOHN-JOHN E.K.",
          "dealDescription": "Test",
          "dealBeginDate": "2015-06-17T00:06:00.000Z",
          "dealEndDate": "2015-08-16T00:08:00.000Z",
          "versionStatus": "FSA",
          "dealProgCode": "F",
          "bdmeCode": "S",
          "quoteDistCode": "A",
          "wonOrLossStatus": "O",
          "dealLockFlag": "N",
          "dealLockUserId": null,
          "businessModelName": "Volume Channel",
          "dealCountry": "Germany",
          "endUserCountryName": "Germany",
          "endUserState": "",
          "drivingSalesRep": ", ",
          "submitDate": "2015-06-17T03:18:07.000Z",
          "lastSavedDate": "2015-06-17T03:18:08.000Z",
          "dealCreator": ", ",
          "requestId": "",
          "cRMOpportunityId": "",
          "watsonQuoteId": "",
          "dealExtQuoteNumber": "",
          "dealExtQuoteVersion": "",
          "tierLevel": "",
          "tierName": "",
          "sFProgramId": "",
          "currentVersionFlag": "Y",
          "initHpEmployeeNumber": "60009392",
          "oPGNumber": "SWL9",
          "archiveFlag": "N",
          "businessModelCode": "CH",
          "controlCountryCode": "DE",
          "tenantIdDataCode": "HPI",
          "mixedTenantCode": "C",
          "isDealExpired": false,
          "freezeFlag": "",
          "lastMessage": "",
          "salesTerritoryId": "",
          "dealSource": "",
          "dealType": "",
          "mCCode": ""
        },
        {
          "bdId": 90634272,
          "dealNumber": 100102638,
          "dealVersionNumber": 1,
          "tenantId": "HPI",
          "stopReason": "QUOTE",
          "companyId": "Y10090843013",
          "endUserCompanyName": "JOHNSON & JOHNSON",
          "dealDescription": "Test For Eclipse Deal",
          "dealBeginDate": "2015-03-10T00:00:00.000Z",
          "dealEndDate": "2015-09-30T00:00:00.000Z",
          "versionStatus": "FSA",
          "dealProgCode": "F",
          "bdmeCode": "S",
          "quoteDistCode": "A",
          "wonOrLossStatus": "O",
          "dealLockFlag": "N",
          "dealLockUserId": null,
          "businessModelName": "Indirect/Partner Dir",
          "dealCountry": "United States",
          "endUserCountryName": "United States",
          "endUserState": "NEW JERSEY",
          "drivingSalesRep": "RACHEL JOHNS, SHERIN",
          "submitDate": "2015-03-10T07:21:46.000Z",
          "lastSavedDate": "2015-03-10T07:38:04.000Z",
          "dealCreator": "RACHEL JOHNS, SHERIN",
          "requestId": "",
          "cRMOpportunityId": "",
          "watsonQuoteId": "",
          "dealExtQuoteNumber": "",
          "dealExtQuoteVersion": "",
          "tierLevel": "",
          "tierName": "",
          "sFProgramId": "",
          "currentVersionFlag": "Y",
          "initHpEmployeeNumber": "22071749",
          "oPGNumber": "SWB7",
          "archiveFlag": "N",
          "businessModelCode": "CH",
          "controlCountryCode": "US",
          "tenantIdDataCode": "HPI",
          "mixedTenantCode": "R",
          "isDealExpired": false,
          "freezeFlag": "",
          "lastMessage": "",
          "salesTerritoryId": "",
          "dealSource": "",
          "dealType": "",
          "mCCode": ""
        },
        {
          "bdId": 90634071,
          "dealNumber": 100102581,
          "dealVersionNumber": 1,
          "tenantId": "HPI",
          "stopReason": "QUOTE",
          "companyId": "Y10090843013",
          "endUserCompanyName": "JOHNSON & JOHNSON",
          "dealDescription": "Test",
          "dealBeginDate": "2015-03-09T00:00:00.000Z",
          "dealEndDate": "2015-07-31T00:00:00.000Z",
          "versionStatus": "FSA",
          "dealProgCode": "F",
          "bdmeCode": "S",
          "quoteDistCode": "A",
          "wonOrLossStatus": "O",
          "dealLockFlag": "N",
          "dealLockUserId": null,
          "businessModelName": "Global Indirect",
          "dealCountry": "United States",
          "endUserCountryName": "United States",
          "endUserState": "NEW JERSEY",
          "drivingSalesRep": "BINTI GHAZALI, NUR AFRINA",
          "submitDate": "2015-03-09T08:44:51.000Z",
          "lastSavedDate": "2015-03-10T06:55:51.000Z",
          "dealCreator": "BINTI GHAZALI, NUR AFRINA",
          "requestId": "",
          "cRMOpportunityId": "",
          "watsonQuoteId": "",
          "dealExtQuoteNumber": "",
          "dealExtQuoteVersion": "",
          "tierLevel": "",
          "tierName": "",
          "sFProgramId": "",
          "currentVersionFlag": "Y",
          "initHpEmployeeNumber": "22035737",
          "oPGNumber": "",
          "archiveFlag": "N",
          "businessModelCode": "GI",
          "controlCountryCode": "US",
          "tenantIdDataCode": "HPI",
          "mixedTenantCode": "R",
          "isDealExpired": false,
          "freezeFlag": "",
          "lastMessage": "",
          "salesTerritoryId": "",
          "dealSource": "",
          "dealType": "",
          "mCCode": ""
        },
        {
          "bdId": 90619517,
          "dealNumber": 100096244,
          "dealVersionNumber": 1,
          "tenantId": "HPI",
          "stopReason": "QUOTE",
          "companyId": "Y10090844502",
          "endUserCompanyName": "JOHN BANKS HONDA",
          "dealDescription": "SQ-1831007 TEST",
          "dealBeginDate": "2015-01-28T00:01:00.000Z",
          "dealEndDate": "2015-03-29T00:03:00.000Z",
          "versionStatus": "FSA",
          "dealProgCode": "F",
          "bdmeCode": "S",
          "quoteDistCode": "A",
          "wonOrLossStatus": "W",
          "dealLockFlag": "N",
          "dealLockUserId": null,
          "businessModelName": "Volume Channel",
          "dealCountry": "United Kingdom",
          "endUserCountryName": "United Kingdom",
          "endUserState": "",
          "drivingSalesRep": "MOGA, ANDRA IOANA",
          "submitDate": "2015-01-28T10:25:51.000Z",
          "lastSavedDate": "2015-01-28T12:20:42.000Z",
          "dealCreator": "MOGA, ANDRA IOANA",
          "requestId": "",
          "cRMOpportunityId": "",
          "watsonQuoteId": "",
          "dealExtQuoteNumber": "",
          "dealExtQuoteVersion": "",
          "tierLevel": "",
          "tierName": "",
          "sFProgramId": "",
          "currentVersionFlag": "Y",
          "initHpEmployeeNumber": "21839090",
          "oPGNumber": "SW64",
          "archiveFlag": "N",
          "businessModelCode": "CH",
          "controlCountryCode": "GB",
          "tenantIdDataCode": "HPI",
          "mixedTenantCode": "R",
          "isDealExpired": false,
          "freezeFlag": "",
          "lastMessage": "",
          "salesTerritoryId": "",
          "dealSource": "",
          "dealType": "",
          "mCCode": ""
        },
        {
          "bdId": 90590013,
          "dealNumber": 100084271,
          "dealVersionNumber": 1,
          "tenantId": "HPI",
          "stopReason": "QUOTE",
          "companyId": "Y10090844502",
          "endUserCompanyName": "JOHN BANKS HONDA",
          "dealDescription": "Test for Self-study",
          "dealBeginDate": "2014-12-04T00:00:00.000Z",
          "dealEndDate": "2015-02-28T00:00:00.000Z",
          "versionStatus": "FSA",
          "dealProgCode": "F",
          "bdmeCode": "S",
          "quoteDistCode": "A",
          "wonOrLossStatus": "W",
          "dealLockFlag": "N",
          "dealLockUserId": null,
          "businessModelName": "Global Indirect",
          "dealCountry": "United Kingdom",
          "endUserCountryName": "United Kingdom",
          "endUserState": "",
          "drivingSalesRep": "BINTI GHAZALI, NUR AFRINA",
          "submitDate": "2014-12-04T08:23:31.000Z",
          "lastSavedDate": "2014-12-08T05:10:16.000Z",
          "dealCreator": "BINTI GHAZALI, NUR AFRINA",
          "requestId": "",
          "cRMOpportunityId": "",
          "watsonQuoteId": "",
          "dealExtQuoteNumber": "",
          "dealExtQuoteVersion": "",
          "tierLevel": "",
          "tierName": "",
          "sFProgramId": "",
          "currentVersionFlag": "Y",
          "initHpEmployeeNumber": "22035737",
          "oPGNumber": "",
          "archiveFlag": "N",
          "businessModelCode": "GI",
          "controlCountryCode": "GB",
          "tenantIdDataCode": "HPI",
          "mixedTenantCode": "R",
          "isDealExpired": false,
          "freezeFlag": "",
          "lastMessage": "",
          "salesTerritoryId": "",
          "dealSource": "",
          "dealType": "",
          "mCCode": ""
        },
        {
          "bdId": 90580293,
          "dealNumber": 100080251,
          "dealVersionNumber": 1,
          "tenantId": "HPI",
          "stopReason": "QUOTE",
          "companyId": "Y10090851834",
          "endUserCompanyName": "JOHN BANKS HONDA",
          "dealDescription": "SQ-1830408 TEST A",
          "dealBeginDate": "2014-11-21T00:11:00.000Z",
          "dealEndDate": "2015-01-20T00:01:00.000Z",
          "versionStatus": "FSA",
          "dealProgCode": "F",
          "bdmeCode": "S",
          "quoteDistCode": "A",
          "wonOrLossStatus": "O",
          "dealLockFlag": "Y",
          "dealLockUserId": null,
          "businessModelName": "Volume Channel",
          "dealCountry": "United Kingdom",
          "endUserCountryName": "United Kingdom",
          "endUserState": "",
          "drivingSalesRep": "MOGA, ANDRA IOANA",
          "submitDate": "2014-11-21T09:31:10.000Z",
          "lastSavedDate": "2014-11-21T09:33:35.000Z",
          "dealCreator": "MOGA, ANDRA IOANA",
          "requestId": "",
          "cRMOpportunityId": "",
          "watsonQuoteId": "",
          "dealExtQuoteNumber": "",
          "dealExtQuoteVersion": "",
          "tierLevel": "",
          "tierName": "",
          "sFProgramId": "",
          "currentVersionFlag": "Y",
          "initHpEmployeeNumber": "21839090",
          "oPGNumber": "SW5H",
          "archiveFlag": "N",
          "businessModelCode": "CH",
          "controlCountryCode": "GB",
          "tenantIdDataCode": "HPI",
          "mixedTenantCode": "R",
          "isDealExpired": false,
          "freezeFlag": "",
          "lastMessage": "",
          "salesTerritoryId": "",
          "dealSource": "",
          "dealType": "",
          "mCCode": ""
        },
        {
          "bdId": 90564745,
          "dealNumber": 100072691,
          "dealVersionNumber": 2,
          "tenantId": "HPI",
          "stopReason": "QUOTE",
          "companyId": "Y10090845599",
          "endUserCompanyName": "NIGEL JOHN GLANVILLE",
          "dealDescription": "SQ-1829816",
          "dealBeginDate": "2014-09-23T00:09:00.000Z",
          "dealEndDate": "2014-12-31T00:00:00.000Z",
          "versionStatus": "FSA",
          "dealProgCode": "F",
          "bdmeCode": "S",
          "quoteDistCode": "A",
          "wonOrLossStatus": "O",
          "dealLockFlag": "N",
          "dealLockUserId": null,
          "businessModelName": "Volume Channel",
          "dealCountry": "United Kingdom",
          "endUserCountryName": "United Kingdom",
          "endUserState": "",
          "drivingSalesRep": "LIM, ERNA",
          "submitDate": "0001-01-01T00:00:00.000Z",
          "lastSavedDate": "2014-09-23T06:12:21.000Z",
          "dealCreator": "LIM, ERNA",
          "requestId": "",
          "cRMOpportunityId": "",
          "watsonQuoteId": "",
          "dealExtQuoteNumber": "",
          "dealExtQuoteVersion": "",
          "tierLevel": "",
          "tierName": "",
          "sFProgramId": "",
          "currentVersionFlag": "Y",
          "initHpEmployeeNumber": "20273744",
          "oPGNumber": "SW3B",
          "archiveFlag": "N",
          "businessModelCode": "CH",
          "controlCountryCode": "GB",
          "tenantIdDataCode": "HPI",
          "mixedTenantCode": "R",
          "isDealExpired": false,
          "freezeFlag": "",
          "lastMessage": "",
          "salesTerritoryId": "",
          "dealSource": "",
          "dealType": "",
          "mCCode": ""
        },
        {
          "bdId": 90517302,
          "dealNumber": 100049908,
          "dealVersionNumber": 1,
          "tenantId": "HPI",
          "stopReason": "",
          "companyId": "Y10090843601",
          "endUserCompanyName": "JOHNSON SCOTT",
          "dealDescription": "T000155499-01",
          "dealBeginDate": "2014-05-14T02:27:14.000Z",
          "dealEndDate": "2014-06-13T02:27:14.000Z",
          "versionStatus": "UNN",
          "dealProgCode": "U",
          "bdmeCode": "N",
          "quoteDistCode": "N",
          "wonOrLossStatus": "O",
          "dealLockFlag": "N",
          "dealLockUserId": null,
          "businessModelName": "Volume Channel",
          "dealCountry": "France",
          "endUserCountryName": "France",
          "endUserState": "",
          "drivingSalesRep": "REPRESENTATIVE, SALES",
          "submitDate": "2014-05-14T07:27:21.000Z",
          "lastSavedDate": "0001-01-01T00:00:00.000Z",
          "dealCreator": "CREATOR, DEAL",
          "requestId": "",
          "cRMOpportunityId": "OPP-0001999738",
          "watsonQuoteId": "",
          "dealExtQuoteNumber": "T000155499-01",
          "dealExtQuoteVersion": "1",
          "tierLevel": "",
          "tierName": "",
          "sFProgramId": "",
          "currentVersionFlag": "Y",
          "initHpEmployeeNumber": "-99991001",
          "oPGNumber": "",
          "archiveFlag": "N",
          "businessModelCode": "CH",
          "controlCountryCode": "FR",
          "tenantIdDataCode": "HPI",
          "mixedTenantCode": "C",
          "isDealExpired": false,
          "freezeFlag": "",
          "lastMessage": "",
          "salesTerritoryId": "",
          "dealSource": "",
          "dealType": "",
          "mCCode": ""
        },
        {
          "bdId": 90490727,
          "dealNumber": 100036820,
          "dealVersionNumber": 1,
          "tenantId": "HPI",
          "stopReason": "QUOTE",
          "companyId": "Y10090271606",
          "endUserCompanyName": "Johnson & Johnson",
          "dealDescription": "qa-test-Cathy test",
          "dealBeginDate": "2014-03-24T00:00:00.000Z",
          "dealEndDate": "2015-04-30T00:00:00.000Z",
          "versionStatus": "FSA",
          "dealProgCode": "F",
          "bdmeCode": "S",
          "quoteDistCode": "A",
          "wonOrLossStatus": "O",
          "dealLockFlag": "N",
          "dealLockUserId": null,
          "businessModelName": "HP Direct",
          "dealCountry": "United States",
          "endUserCountryName": "United States",
          "endUserState": "NEW JERSEY",
          "drivingSalesRep": "CUI, YAN",
          "submitDate": "2014-03-24T05:24:34.000Z",
          "lastSavedDate": "2014-03-24T05:41:15.000Z",
          "dealCreator": "CUI, YAN",
          "requestId": "",
          "cRMOpportunityId": "",
          "watsonQuoteId": "",
          "dealExtQuoteNumber": "",
          "dealExtQuoteVersion": "",
          "tierLevel": "",
          "tierName": "",
          "sFProgramId": "",
          "currentVersionFlag": "Y",
          "initHpEmployeeNumber": "21856967",
          "oPGNumber": "",
          "archiveFlag": "N",
          "businessModelCode": "PR",
          "controlCountryCode": "US",
          "tenantIdDataCode": "HPI",
          "mixedTenantCode": "R",
          "isDealExpired": false,
          "freezeFlag": "",
          "lastMessage": "",
          "salesTerritoryId": "",
          "dealSource": "",
          "dealType": "",
          "mCCode": ""
        },
        {
          "bdId": 90473199,
          "dealNumber": 100027444,
          "dealVersionNumber": 2,
          "tenantId": "HPI",
          "stopReason": "QUOTE",
          "companyId": "Y10070029458",
          "endUserCompanyName": "Johnson & Johnson",
          "dealDescription": "QA Test for EZC testing multi-countries",
          "dealBeginDate": "2014-03-04T00:00:00.000Z",
          "dealEndDate": "2015-06-30T00:00:00.000Z",
          "versionStatus": "FSA",
          "dealProgCode": "F",
          "bdmeCode": "S",
          "quoteDistCode": "A",
          "wonOrLossStatus": "O",
          "dealLockFlag": "N",
          "dealLockUserId": null,
          "businessModelName": "Global Direct",
          "dealCountry": "United States",
          "endUserCountryName": "United States",
          "endUserState": "NEW JERSEY",
          "drivingSalesRep": "CUI, YAN",
          "submitDate": "2014-03-05T08:28:01.000Z",
          "lastSavedDate": "2014-03-12T07:24:02.000Z",
          "dealCreator": "CUI, YAN",
          "requestId": "",
          "cRMOpportunityId": "",
          "watsonQuoteId": "",
          "dealExtQuoteNumber": "",
          "dealExtQuoteVersion": "",
          "tierLevel": "",
          "tierName": "",
          "sFProgramId": "",
          "currentVersionFlag": "Y",
          "initHpEmployeeNumber": "21856967",
          "oPGNumber": "",
          "archiveFlag": "N",
          "businessModelCode": "GD",
          "controlCountryCode": "US",
          "tenantIdDataCode": "HPI",
          "mixedTenantCode": "R",
          "isDealExpired": false,
          "freezeFlag": "",
          "lastMessage": "",
          "salesTerritoryId": "",
          "dealSource": "",
          "dealType": "",
          "mCCode": ""
        },
        {
          "bdId": 90454522,
          "dealNumber": 100017296,
          "dealVersionNumber": 1,
          "tenantId": "HPI",
          "stopReason": "QUOTE",
          "companyId": "Y10090223270",
          "endUserCompanyName": "JOHN DEERE LIMITED",
          "dealDescription": "AUTest",
          "dealBeginDate": "2014-01-24T00:00:00.000Z",
          "dealEndDate": "2014-02-28T00:00:00.000Z",
          "versionStatus": "FSA",
          "dealProgCode": "F",
          "bdmeCode": "S",
          "quoteDistCode": "A",
          "wonOrLossStatus": "O",
          "dealLockFlag": "N",
          "dealLockUserId": null,
          "businessModelName": "Global Direct",
          "dealCountry": "Australia",
          "endUserCountryName": "Australia",
          "endUserState": "",
          "drivingSalesRep": ", ",
          "submitDate": "2014-01-24T02:10:17.000Z",
          "lastSavedDate": "2014-01-24T02:24:29.000Z",
          "dealCreator": ", ",
          "requestId": "",
          "cRMOpportunityId": "",
          "watsonQuoteId": "",
          "dealExtQuoteNumber": "",
          "dealExtQuoteVersion": "",
          "tierLevel": "",
          "tierName": "",
          "sFProgramId": "",
          "currentVersionFlag": "Y",
          "initHpEmployeeNumber": "21960588",
          "oPGNumber": "",
          "archiveFlag": "N",
          "businessModelCode": "GD",
          "controlCountryCode": "AU",
          "tenantIdDataCode": "HPI",
          "mixedTenantCode": "R",
          "isDealExpired": false,
          "freezeFlag": "",
          "lastMessage": "",
          "salesTerritoryId": "",
          "dealSource": "",
          "dealType": "",
          "mCCode": ""
        },
        {
          "bdId": 40505940,
          "dealNumber": 30159811,
          "dealVersionNumber": 3,
          "tenantId": "HPI",
          "stopReason": "QUOTE",
          "companyId": "Y10090872621",
          "endUserCompanyName": "LLC JOHN DEERE RUS",
          "dealDescription": "RU DMFI Dynamic Deal",
          "dealBeginDate": "2020-10-13T00:00:00.000Z",
          "dealEndDate": "2020-12-02T00:00:00.000Z",
          "versionStatus": "FSA",
          "dealProgCode": "F",
          "bdmeCode": "S",
          "quoteDistCode": "A",
          "wonOrLossStatus": "O",
          "dealLockFlag": "N",
          "dealLockUserId": null,
          "businessModelName": "Value Direct",
          "dealCountry": "Russia",
          "endUserCountryName": "Russia",
          "endUserState": "",
          "drivingSalesRep": "ZHANG, GUOYING",
          "submitDate": "0001-01-01T00:00:00.000Z",
          "lastSavedDate": "2020-10-22T09:21:12.000Z",
          "dealCreator": "ZHANG, GUOYING",
          "requestId": "",
          "cRMOpportunityId": "",
          "watsonQuoteId": "",
          "dealExtQuoteNumber": "",
          "dealExtQuoteVersion": "",
          "tierLevel": "",
          "tierName": "",
          "sFProgramId": "",
          "currentVersionFlag": "Y",
          "initHpEmployeeNumber": "24023630",
          "oPGNumber": "",
          "archiveFlag": "N",
          "businessModelCode": "VD",
          "controlCountryCode": "RU",
          "tenantIdDataCode": "HPI",
          "mixedTenantCode": "C",
          "isDealExpired": false,
          "freezeFlag": "",
          "lastMessage": "",
          "salesTerritoryId": "",
          "dealSource": "",
          "dealType": "",
          "mCCode": ""
        },
        {
          "bdId": 40527872,
          "dealNumber": 30155028,
          "dealVersionNumber": 10,
          "tenantId": "HPI",
          "stopReason": "QUOTE",
          "companyId": "Y10090872621",
          "endUserCompanyName": "LLC JOHN DEERE RUS",
          "dealDescription": "RU DMFI Dynamic Deal",
          "dealBeginDate": "2020-09-01T00:00:00.000Z",
          "dealEndDate": "2021-10-28T00:00:00.000Z",
          "versionStatus": "FSA",
          "dealProgCode": "F",
          "bdmeCode": "S",
          "quoteDistCode": "A",
          "wonOrLossStatus": "W",
          "dealLockFlag": "N",
          "dealLockUserId": null,
          "businessModelName": "Value Direct",
          "dealCountry": "Russia",
          "endUserCountryName": "Russia",
          "endUserState": "",
          "drivingSalesRep": "ZHANG, GUOYING",
          "submitDate": "0001-01-01T00:00:00.000Z",
          "lastSavedDate": "2021-01-28T07:16:36.000Z",
          "dealCreator": "ZHANG, GUOYING",
          "requestId": "",
          "cRMOpportunityId": "",
          "watsonQuoteId": "",
          "dealExtQuoteNumber": "",
          "dealExtQuoteVersion": "",
          "tierLevel": "",
          "tierName": "",
          "sFProgramId": "",
          "currentVersionFlag": "Y",
          "initHpEmployeeNumber": "24023630",
          "oPGNumber": "",
          "archiveFlag": "N",
          "businessModelCode": "VD",
          "controlCountryCode": "RU",
          "tenantIdDataCode": "HPI",
          "mixedTenantCode": "C",
          "isDealExpired": false,
          "freezeFlag": "",
          "lastMessage": "",
          "salesTerritoryId": "",
          "dealSource": "",
          "dealType": "",
          "mCCode": ""
        },
        {
          "bdId": 40503693,
          "dealNumber": 30154581,
          "dealVersionNumber": 4,
          "tenantId": "HPI",
          "stopReason": "",
          "companyId": "Y10090872621",
          "endUserCompanyName": "LLC JOHN DEERE RUS",
          "dealDescription": "RU DMFI Dynamic Deal",
          "dealBeginDate": "2020-08-26T00:00:00.000Z",
          "dealEndDate": "2021-08-30T00:00:00.000Z",
          "versionStatus": "UNN",
          "dealProgCode": "U",
          "bdmeCode": "N",
          "quoteDistCode": "N",
          "wonOrLossStatus": "O",
          "dealLockFlag": "N",
          "dealLockUserId": null,
          "businessModelName": "Value Direct",
          "dealCountry": "Russia",
          "endUserCountryName": "Russia",
          "endUserState": "",
          "drivingSalesRep": "ZHANG, GUOYING",
          "submitDate": "0001-01-01T00:00:00.000Z",
          "lastSavedDate": "2020-10-13T08:01:18.000Z",
          "dealCreator": "ZHANG, GUOYING",
          "requestId": "",
          "cRMOpportunityId": "",
          "watsonQuoteId": "",
          "dealExtQuoteNumber": "",
          "dealExtQuoteVersion": "",
          "tierLevel": "",
          "tierName": "",
          "sFProgramId": "",
          "currentVersionFlag": "Y",
          "initHpEmployeeNumber": "24023630",
          "oPGNumber": "",
          "archiveFlag": "N",
          "businessModelCode": "VD",
          "controlCountryCode": "RU",
          "tenantIdDataCode": "HPI",
          "mixedTenantCode": "C",
          "isDealExpired": false,
          "freezeFlag": "",
          "lastMessage": "",
          "salesTerritoryId": "",
          "dealSource": "",
          "dealType": "",
          "mCCode": ""
        },
        {
          "bdId": 40486645,
          "dealNumber": 30152433,
          "dealVersionNumber": 1,
          "tenantId": "HPI",
          "stopReason": "QUOTE",
          "companyId": "Y10090876119",
          "endUserCompanyName": "JOHN DEERE EQUIPAMENTOS DO BRASIL LTDA",
          "dealDescription": "Test Deal Bra S5Q",
          "dealBeginDate": "2020-08-03T00:00:00.000Z",
          "dealEndDate": "2020-11-30T00:00:00.000Z",
          "versionStatus": "FSA",
          "dealProgCode": "F",
          "bdmeCode": "S",
          "quoteDistCode": "A",
          "wonOrLossStatus": "W",
          "dealLockFlag": "N",
          "dealLockUserId": null,
          "businessModelName": "Global Direct",
          "dealCountry": "Brazil",
          "endUserCountryName": "Brazil",
          "endUserState": "MINAS GERAIS",
          "drivingSalesRep": "MARTINEZ, ENRIQUE",
          "submitDate": "2020-08-05T21:04:42.000Z",
          "lastSavedDate": "2020-08-05T22:58:14.000Z",
          "dealCreator": "MARTINEZ, ENRIQUE",
          "requestId": "",
          "cRMOpportunityId": "",
          "watsonQuoteId": "",
          "dealExtQuoteNumber": "",
          "dealExtQuoteVersion": "",
          "tierLevel": "",
          "tierName": "",
          "sFProgramId": "",
          "currentVersionFlag": "Y",
          "initHpEmployeeNumber": "21581001",
          "oPGNumber": "",
          "archiveFlag": "N",
          "businessModelCode": "GD",
          "controlCountryCode": "BR",
          "tenantIdDataCode": "HPI",
          "mixedTenantCode": "C",
          "isDealExpired": false,
          "freezeFlag": "",
          "lastMessage": "",
          "salesTerritoryId": "",
          "dealSource": "",
          "dealType": "",
          "mCCode": ""
        },
        {
          "bdId": 40486283,
          "dealNumber": 30148720,
          "dealVersionNumber": 6,
          "tenantId": "HPI",
          "stopReason": "QUOTE",
          "companyId": "Y10090872621",
          "endUserCompanyName": "LLC JOHN DEERE RUS",
          "dealDescription": "RU DMFI Dynamic Deal",
          "dealBeginDate": "2020-07-01T00:00:00.000Z",
          "dealEndDate": "2020-08-31T00:00:00.000Z",
          "versionStatus": "FSA",
          "dealProgCode": "F",
          "bdmeCode": "S",
          "quoteDistCode": "A",
          "wonOrLossStatus": "W",
          "dealLockFlag": "N",
          "dealLockUserId": null,
          "businessModelName": "Value Direct",
          "dealCountry": "Russia",
          "endUserCountryName": "Russia",
          "endUserState": "",
          "drivingSalesRep": "HUANG, SHUAI",
          "submitDate": "0001-01-01T00:00:00.000Z",
          "lastSavedDate": "2020-09-02T06:31:32.000Z",
          "dealCreator": "HUANG, SHUAI",
          "requestId": "",
          "cRMOpportunityId": "",
          "watsonQuoteId": "",
          "dealExtQuoteNumber": "",
          "dealExtQuoteVersion": "",
          "tierLevel": "",
          "tierName": "",
          "sFProgramId": "",
          "currentVersionFlag": "Y",
          "initHpEmployeeNumber": "24023634",
          "oPGNumber": "",
          "archiveFlag": "N",
          "businessModelCode": "VD",
          "controlCountryCode": "RU",
          "tenantIdDataCode": "HPI",
          "mixedTenantCode": "C",
          "isDealExpired": false,
          "freezeFlag": "",
          "lastMessage": "",
          "salesTerritoryId": "",
          "dealSource": "",
          "dealType": "",
          "mCCode": ""
        },
        {
          "bdId": 40505946,
          "dealNumber": 30136861,
          "dealVersionNumber": 5,
          "tenantId": "HPI",
          "stopReason": "QUOTE",
          "companyId": "Y10090872621",
          "endUserCompanyName": "LLC JOHN DEERE RUS",
          "dealDescription": "RU DMFI Dynamic Deal",
          "dealBeginDate": "2020-01-02T00:00:00.000Z",
          "dealEndDate": "2020-12-31T00:00:00.000Z",
          "versionStatus": "FSA",
          "dealProgCode": "F",
          "bdmeCode": "S",
          "quoteDistCode": "A",
          "wonOrLossStatus": "O",
          "dealLockFlag": "N",
          "dealLockUserId": null,
          "businessModelName": "Value Direct",
          "dealCountry": "Russia",
          "endUserCountryName": "Russia",
          "endUserState": "",
          "drivingSalesRep": "HUANG, SHUAI",
          "submitDate": "0001-01-01T00:00:00.000Z",
          "lastSavedDate": "2020-10-22T09:26:59.000Z",
          "dealCreator": "HUANG, SHUAI",
          "requestId": "",
          "cRMOpportunityId": "",
          "watsonQuoteId": "",
          "dealExtQuoteNumber": "",
          "dealExtQuoteVersion": "",
          "tierLevel": "",
          "tierName": "",
          "sFProgramId": "",
          "currentVersionFlag": "Y",
          "initHpEmployeeNumber": "24023634",
          "oPGNumber": "",
          "archiveFlag": "N",
          "businessModelCode": "VD",
          "controlCountryCode": "RU",
          "tenantIdDataCode": "HPI",
          "mixedTenantCode": "C",
          "isDealExpired": false,
          "freezeFlag": "",
          "lastMessage": "",
          "salesTerritoryId": "",
          "dealSource": "",
          "dealType": "",
          "mCCode": ""
        },
        {
          "bdId": 40443541,
          "dealNumber": 30135242,
          "dealVersionNumber": 2,
          "tenantId": "HPI",
          "stopReason": "QUOTE",
          "companyId": "Y10090874374",
          "endUserCompanyName": "JOHN DEERE BRASIL LTDA",
          "dealDescription": "Brazil S4 Test - 30135242",
          "dealBeginDate": "2019-12-11T00:00:00.000Z",
          "dealEndDate": "2020-12-31T00:00:00.000Z",
          "versionStatus": "FSA",
          "dealProgCode": "F",
          "bdmeCode": "S",
          "quoteDistCode": "A",
          "wonOrLossStatus": "W",
          "dealLockFlag": "N",
          "dealLockUserId": null,
          "businessModelName": "Global Direct",
          "dealCountry": "Brazil",
          "endUserCountryName": "Brazil",
          "endUserState": "RIO GRANDE DO SUL",
          "drivingSalesRep": "WILLIAMS, ALONZO",
          "submitDate": "0001-01-01T00:00:00.000Z",
          "lastSavedDate": "2020-03-20T17:04:15.000Z",
          "dealCreator": "WILLIAMS, ALONZO",
          "requestId": "",
          "cRMOpportunityId": "",
          "watsonQuoteId": "",
          "dealExtQuoteNumber": "",
          "dealExtQuoteVersion": "",
          "tierLevel": "",
          "tierName": "",
          "sFProgramId": "",
          "currentVersionFlag": "Y",
          "initHpEmployeeNumber": "21701140",
          "oPGNumber": "",
          "archiveFlag": "N",
          "businessModelCode": "GD",
          "controlCountryCode": "BR",
          "tenantIdDataCode": "HPI",
          "mixedTenantCode": "C",
          "isDealExpired": false,
          "freezeFlag": "",
          "lastMessage": "",
          "salesTerritoryId": "",
          "dealSource": "",
          "dealType": "",
          "mCCode": ""
        },
        {
          "bdId": 40447598,
          "dealNumber": 30117563,
          "dealVersionNumber": 6,
          "tenantId": "HPI",
          "stopReason": "",
          "companyId": "Y10090872621",
          "endUserCompanyName": "LLC JOHN DEERE RUS",
          "dealDescription": "RU DMFI Dynamic Deal",
          "dealBeginDate": "2019-09-06T00:00:00.000Z",
          "dealEndDate": "2020-09-29T00:00:00.000Z",
          "versionStatus": "FNN",
          "dealProgCode": "F",
          "bdmeCode": "N",
          "quoteDistCode": "N",
          "wonOrLossStatus": "O",
          "dealLockFlag": "N",
          "dealLockUserId": null,
          "businessModelName": "Value Direct",
          "dealCountry": "Russia",
          "endUserCountryName": "Russia",
          "endUserState": "",
          "drivingSalesRep": "CAO, LUYAN",
          "submitDate": "0001-01-01T00:00:00.000Z",
          "lastSavedDate": "2020-01-02T01:53:58.000Z",
          "dealCreator": "WANG, JIAN-YU",
          "requestId": "",
          "cRMOpportunityId": "",
          "watsonQuoteId": "",
          "dealExtQuoteNumber": "",
          "dealExtQuoteVersion": "",
          "tierLevel": "",
          "tierName": "",
          "sFProgramId": "",
          "currentVersionFlag": "Y",
          "initHpEmployeeNumber": "24023252",
          "oPGNumber": "",
          "archiveFlag": "N",
          "businessModelCode": "VD",
          "controlCountryCode": "RU",
          "tenantIdDataCode": "HPI",
          "mixedTenantCode": "C",
          "isDealExpired": false,
          "freezeFlag": "",
          "lastMessage": "",
          "salesTerritoryId": "",
          "dealSource": "",
          "dealType": "",
          "mCCode": ""
        },
        {
          "bdId": 40408933,
          "dealNumber": 30116697,
          "dealVersionNumber": 3,
          "tenantId": "HPI",
          "stopReason": "QUOTE",
          "companyId": "Y10090872621",
          "endUserCompanyName": "LLC JOHN DEERE RUS",
          "dealDescription": "RU DMFI Dynamic Deal",
          "dealBeginDate": "2019-08-28T00:00:00.000Z",
          "dealEndDate": "2019-09-30T00:00:00.000Z",
          "versionStatus": "FSA",
          "dealProgCode": "F",
          "bdmeCode": "S",
          "quoteDistCode": "A",
          "wonOrLossStatus": "O",
          "dealLockFlag": "N",
          "dealLockUserId": null,
          "businessModelName": "Value Direct",
          "dealCountry": "Russia",
          "endUserCountryName": "Russia",
          "endUserState": "",
          "drivingSalesRep": "CAO, LUYAN",
          "submitDate": "2019-09-04T08:24:52.000Z",
          "lastSavedDate": "2019-09-06T02:16:05.000Z",
          "dealCreator": "WANG, JIAN-YU",
          "requestId": "",
          "cRMOpportunityId": "",
          "watsonQuoteId": "",
          "dealExtQuoteNumber": "",
          "dealExtQuoteVersion": "",
          "tierLevel": "",
          "tierName": "",
          "sFProgramId": "",
          "currentVersionFlag": "Y",
          "initHpEmployeeNumber": "24023252",
          "oPGNumber": "",
          "archiveFlag": "N",
          "businessModelCode": "VD",
          "controlCountryCode": "RU",
          "tenantIdDataCode": "HPI",
          "mixedTenantCode": "C",
          "isDealExpired": false,
          "freezeFlag": "",
          "lastMessage": "",
          "salesTerritoryId": "",
          "dealSource": "",
          "dealType": "",
          "mCCode": ""
        },
        {
          "bdId": 40406145,
          "dealNumber": 30116292,
          "dealVersionNumber": 1,
          "tenantId": "HPI",
          "stopReason": "QUOTE",
          "companyId": "Y10090872964",
          "endUserCompanyName": "VAMVAKARIS JOHN-MARIOS  'VOICELAND'",
          "dealDescription": "T000313570-01",
          "dealBeginDate": "2019-08-22T10:54:36.000Z",
          "dealEndDate": "2019-09-21T05:54:36.000Z",
          "versionStatus": "FSA",
          "dealProgCode": "F",
          "bdmeCode": "S",
          "quoteDistCode": "A",
          "wonOrLossStatus": "O",
          "dealLockFlag": "N",
          "dealLockUserId": null,
          "businessModelName": "Volume Channel",
          "dealCountry": "Greece",
          "endUserCountryName": "Greece",
          "endUserState": "",
          "drivingSalesRep": "REPRESENTATIVE, SALES",
          "submitDate": "2019-08-22T10:54:45.000Z",
          "lastSavedDate": "2019-08-22T10:54:45.000Z",
          "dealCreator": "CREATOR, DEAL",
          "requestId": "",
          "cRMOpportunityId": "OPD-0000595001",
          "watsonQuoteId": "",
          "dealExtQuoteNumber": "T000313570-01",
          "dealExtQuoteVersion": "1",
          "tierLevel": "",
          "tierName": "",
          "sFProgramId": "",
          "currentVersionFlag": "Y",
          "initHpEmployeeNumber": "-99981001",
          "oPGNumber": "",
          "archiveFlag": "N",
          "businessModelCode": "CH",
          "controlCountryCode": "GR",
          "tenantIdDataCode": "HPI",
          "mixedTenantCode": "C",
          "isDealExpired": false,
          "freezeFlag": "",
          "lastMessage": "",
          "salesTerritoryId": "",
          "dealSource": "",
          "dealType": "",
          "mCCode": ""
        },
        {
          "bdId": 40406136,
          "dealNumber": 30116287,
          "dealVersionNumber": 1,
          "tenantId": "HPI",
          "stopReason": "QUOTE",
          "companyId": "Y10090872964",
          "endUserCompanyName": "VAMVAKARIS JOHN-MARIOS  'VOICELAND'",
          "dealDescription": "T000313564-01",
          "dealBeginDate": "2019-08-22T10:29:14.000Z",
          "dealEndDate": "2019-09-21T05:29:14.000Z",
          "versionStatus": "FSA",
          "dealProgCode": "F",
          "bdmeCode": "S",
          "quoteDistCode": "A",
          "wonOrLossStatus": "O",
          "dealLockFlag": "N",
          "dealLockUserId": null,
          "businessModelName": "Volume Channel",
          "dealCountry": "Greece",
          "endUserCountryName": "Greece",
          "endUserState": "",
          "drivingSalesRep": "REPRESENTATIVE, SALES",
          "submitDate": "2019-08-22T10:29:22.000Z",
          "lastSavedDate": "2019-08-22T10:29:22.000Z",
          "dealCreator": "CREATOR, DEAL",
          "requestId": "",
          "cRMOpportunityId": "OPD-0000595001",
          "watsonQuoteId": "",
          "dealExtQuoteNumber": "T000313564-01",
          "dealExtQuoteVersion": "1",
          "tierLevel": "",
          "tierName": "",
          "sFProgramId": "",
          "currentVersionFlag": "Y",
          "initHpEmployeeNumber": "-99981001",
          "oPGNumber": "",
          "archiveFlag": "N",
          "businessModelCode": "CH",
          "controlCountryCode": "GR",
          "tenantIdDataCode": "HPI",
          "mixedTenantCode": "C",
          "isDealExpired": false,
          "freezeFlag": "",
          "lastMessage": "",
          "salesTerritoryId": "",
          "dealSource": "",
          "dealType": "",
          "mCCode": ""
        },
        {
          "bdId": 40405734,
          "dealNumber": 30116104,
          "dealVersionNumber": 1,
          "tenantId": "HPI",
          "stopReason": "",
          "companyId": "Y10090872964",
          "endUserCompanyName": "VAMVAKARIS JOHN-MARIOS  'VOICELAND'",
          "dealDescription": "T000313311-01",
          "dealBeginDate": "2019-08-21T01:56:12.000Z",
          "dealEndDate": "2019-09-29T03:54:28.000Z",
          "versionStatus": "UNN",
          "dealProgCode": "U",
          "bdmeCode": "N",
          "quoteDistCode": "N",
          "wonOrLossStatus": "O",
          "dealLockFlag": "N",
          "dealLockUserId": null,
          "businessModelName": "Volume Channel",
          "dealCountry": "Greece",
          "endUserCountryName": "Greece",
          "endUserState": "",
          "drivingSalesRep": "REPRESENTATIVE, SALES",
          "submitDate": "2019-08-21T01:57:27.000Z",
          "lastSavedDate": "0001-01-01T00:00:00.000Z",
          "dealCreator": "CREATOR, DEAL",
          "requestId": "",
          "cRMOpportunityId": "OPD-0000595001",
          "watsonQuoteId": "",
          "dealExtQuoteNumber": "T000313311-01",
          "dealExtQuoteVersion": "1",
          "tierLevel": "",
          "tierName": "",
          "sFProgramId": "",
          "currentVersionFlag": "Y",
          "initHpEmployeeNumber": "-99981001",
          "oPGNumber": "",
          "archiveFlag": "N",
          "businessModelCode": "CH",
          "controlCountryCode": "GR",
          "tenantIdDataCode": "HPI",
          "mixedTenantCode": "C",
          "isDealExpired": false,
          "freezeFlag": "",
          "lastMessage": "",
          "salesTerritoryId": "",
          "dealSource": "",
          "dealType": "",
          "mCCode": ""
        },
        {
          "bdId": 40491430,
          "dealNumber": 30114088,
          "dealVersionNumber": 7,
          "tenantId": "HPI",
          "stopReason": "",
          "companyId": "Y10090872621",
          "endUserCompanyName": "LLC JOHN DEERE RUS",
          "dealDescription": "RU DMFI Dynamic Deal",
          "dealBeginDate": "2019-07-24T00:00:00.000Z",
          "dealEndDate": "2020-09-30T00:00:00.000Z",
          "versionStatus": "FNN",
          "dealProgCode": "F",
          "bdmeCode": "N",
          "quoteDistCode": "N",
          "wonOrLossStatus": "O",
          "dealLockFlag": "N",
          "dealLockUserId": null,
          "businessModelName": "Value Direct",
          "dealCountry": "Russia",
          "endUserCountryName": "Russia",
          "endUserState": "",
          "drivingSalesRep": "YU, GUIJIE",
          "submitDate": "0001-01-01T00:00:00.000Z",
          "lastSavedDate": "2020-09-10T09:56:29.000Z",
          "dealCreator": "YU, GUIJIE",
          "requestId": "",
          "cRMOpportunityId": "",
          "watsonQuoteId": "",
          "dealExtQuoteNumber": "",
          "dealExtQuoteVersion": "",
          "tierLevel": "",
          "tierName": "",
          "sFProgramId": "",
          "currentVersionFlag": "Y",
          "initHpEmployeeNumber": "90000486",
          "oPGNumber": "",
          "archiveFlag": "N",
          "businessModelCode": "VD",
          "controlCountryCode": "RU",
          "tenantIdDataCode": "HPI",
          "mixedTenantCode": "C",
          "isDealExpired": false,
          "freezeFlag": "",
          "lastMessage": "",
          "salesTerritoryId": "",
          "dealSource": "",
          "dealType": "",
          "mCCode": ""
        },
        {
          "bdId": 40347597,
          "dealNumber": 30092705,
          "dealVersionNumber": 3,
          "tenantId": "HPI",
          "stopReason": "QUOTE",
          "companyId": "X10001453593",
          "endUserCompanyName": "JOHNSONDIVERSEY",
          "dealDescription": "bundle ps (bp16) 72 deal",
          "dealBeginDate": "2018-11-26T00:00:00.000Z",
          "dealEndDate": "2019-05-31T00:00:00.000Z",
          "versionStatus": "FSA",
          "dealProgCode": "F",
          "bdmeCode": "S",
          "quoteDistCode": "A",
          "wonOrLossStatus": "O",
          "dealLockFlag": "N",
          "dealLockUserId": null,
          "businessModelName": "Direct/Agent",
          "dealCountry": "United States",
          "endUserCountryName": "United States",
          "endUserState": "WISCONSIN",
          "drivingSalesRep": "ZHOU, CHEN-GUANG",
          "submitDate": "0001-01-01T00:00:00.000Z",
          "lastSavedDate": "2018-12-05T09:07:42.000Z",
          "dealCreator": "ZHOU, CHEN-GUANG",
          "requestId": "",
          "cRMOpportunityId": "",
          "watsonQuoteId": "",
          "dealExtQuoteNumber": "",
          "dealExtQuoteVersion": "",
          "tierLevel": "",
          "tierName": "",
          "sFProgramId": "",
          "currentVersionFlag": "Y",
          "initHpEmployeeNumber": "24016438",
          "oPGNumber": "",
          "archiveFlag": "N",
          "businessModelCode": "HD",
          "controlCountryCode": "US",
          "tenantIdDataCode": "HPI",
          "mixedTenantCode": "C",
          "isDealExpired": false,
          "freezeFlag": "",
          "lastMessage": "",
          "salesTerritoryId": "",
          "dealSource": "",
          "dealType": "",
          "mCCode": ""
        },
        {
          "bdId": 40331315,
          "dealNumber": 30089726,
          "dealVersionNumber": 1,
          "tenantId": "HPI",
          "stopReason": "QUOTE",
          "companyId": "X10001453593",
          "endUserCompanyName": "JOHNSONDIVERSEY",
          "dealDescription": "cp4  tier deal",
          "dealBeginDate": "2018-10-26T00:00:00.000Z",
          "dealEndDate": "2018-11-30T00:00:00.000Z",
          "versionStatus": "FSA",
          "dealProgCode": "F",
          "bdmeCode": "S",
          "quoteDistCode": "A",
          "wonOrLossStatus": "O",
          "dealLockFlag": "N",
          "dealLockUserId": null,
          "businessModelName": "Value Direct",
          "dealCountry": "United States",
          "endUserCountryName": "United States",
          "endUserState": "WISCONSIN",
          "drivingSalesRep": "ZHOU, CHEN-GUANG",
          "submitDate": "2018-10-26T05:30:37.000Z",
          "lastSavedDate": "2018-10-26T05:41:20.000Z",
          "dealCreator": "ZHOU, CHEN-GUANG",
          "requestId": "",
          "cRMOpportunityId": "",
          "watsonQuoteId": "",
          "dealExtQuoteNumber": "",
          "dealExtQuoteVersion": "",
          "tierLevel": "",
          "tierName": "",
          "sFProgramId": "",
          "currentVersionFlag": "Y",
          "initHpEmployeeNumber": "24016438",
          "oPGNumber": "",
          "archiveFlag": "N",
          "businessModelCode": "VD",
          "controlCountryCode": "US",
          "tenantIdDataCode": "HPI",
          "mixedTenantCode": "C",
          "isDealExpired": false,
          "freezeFlag": "",
          "lastMessage": "",
          "salesTerritoryId": "",
          "dealSource": "",
          "dealType": "",
          "mCCode": ""
        },
        {
          "bdId": 40262062,
          "dealNumber": 30065057,
          "dealVersionNumber": 4,
          "tenantId": "HPI",
          "stopReason": "QUOTE",
          "companyId": "Y10090863807",
          "endUserCompanyName": "JOHNSON HOMEBUILDERS INC.",
          "dealDescription": "Aneesh_Test_Deal",
          "dealBeginDate": "2018-02-12T00:00:00.000Z",
          "dealEndDate": "2018-03-31T00:00:00.000Z",
          "versionStatus": "FSA",
          "dealProgCode": "F",
          "bdmeCode": "S",
          "quoteDistCode": "A",
          "wonOrLossStatus": "O",
          "dealLockFlag": "N",
          "dealLockUserId": null,
          "businessModelName": "Global Value Direct",
          "dealCountry": "United States",
          "endUserCountryName": "United States",
          "endUserState": "ALABAMA",
          "drivingSalesRep": "UNNITTEN, ANEESH",
          "submitDate": "2018-02-26T10:56:26.000Z",
          "lastSavedDate": "2018-02-26T10:56:26.000Z",
          "dealCreator": "UNNITTEN, ANEESH",
          "requestId": "",
          "cRMOpportunityId": "",
          "watsonQuoteId": "",
          "dealExtQuoteNumber": "",
          "dealExtQuoteVersion": "",
          "tierLevel": "",
          "tierName": "",
          "sFProgramId": "",
          "currentVersionFlag": "Y",
          "initHpEmployeeNumber": "24039939",
          "oPGNumber": "",
          "archiveFlag": "N",
          "businessModelCode": "GV",
          "controlCountryCode": "US",
          "tenantIdDataCode": "HPI",
          "mixedTenantCode": "C",
          "isDealExpired": false,
          "freezeFlag": "",
          "lastMessage": "",
          "salesTerritoryId": "",
          "dealSource": "",
          "dealType": "",
          "mCCode": ""
        },
        {
          "bdId": 40254989,
          "dealNumber": 30064903,
          "dealVersionNumber": 1,
          "tenantId": "HPI",
          "stopReason": "QUOTE",
          "companyId": "Y10090863747",
          "endUserCompanyName": "JOHNSON, ALVIN JOHN",
          "dealDescription": "TestDeal-Aneesh",
          "dealBeginDate": "2018-02-08T00:00:00.000Z",
          "dealEndDate": "2018-08-31T00:00:00.000Z",
          "versionStatus": "FSA",
          "dealProgCode": "F",
          "bdmeCode": "S",
          "quoteDistCode": "A",
          "wonOrLossStatus": "O",
          "dealLockFlag": "N",
          "dealLockUserId": null,
          "businessModelName": "Direct/Agent",
          "dealCountry": "United States",
          "endUserCountryName": "United States",
          "endUserState": "TEXAS",
          "drivingSalesRep": "UNNITTEN, ANEESH",
          "submitDate": "2018-02-08T09:37:51.000Z",
          "lastSavedDate": "2018-02-09T10:00:06.000Z",
          "dealCreator": "UNNITTEN, ANEESH",
          "requestId": "",
          "cRMOpportunityId": "",
          "watsonQuoteId": "",
          "dealExtQuoteNumber": "",
          "dealExtQuoteVersion": "",
          "tierLevel": "",
          "tierName": "",
          "sFProgramId": "",
          "currentVersionFlag": "Y",
          "initHpEmployeeNumber": "24039939",
          "oPGNumber": "",
          "archiveFlag": "N",
          "businessModelCode": "HD",
          "controlCountryCode": "US",
          "tenantIdDataCode": "HPI",
          "mixedTenantCode": "R",
          "isDealExpired": false,
          "freezeFlag": "",
          "lastMessage": "",
          "salesTerritoryId": "",
          "dealSource": "",
          "dealType": "",
          "mCCode": ""
        },
        {
          "bdId": 40252266,
          "dealNumber": 30063955,
          "dealVersionNumber": 1,
          "tenantId": "HPI",
          "stopReason": "QUOTE",
          "companyId": "Y10090863687",
          "endUserCompanyName": "JOHNSON-EPPS MACHINERY INC",
          "dealDescription": "TEST DEAL IN ENCORE",
          "dealBeginDate": "2018-02-01T00:00:00.000Z",
          "dealEndDate": "2018-07-31T00:00:00.000Z",
          "versionStatus": "FSA",
          "dealProgCode": "F",
          "bdmeCode": "S",
          "quoteDistCode": "A",
          "wonOrLossStatus": "O",
          "dealLockFlag": "N",
          "dealLockUserId": null,
          "businessModelName": "Direct/Agent",
          "dealCountry": "United States",
          "endUserCountryName": "United States",
          "endUserState": "NORTH CAROLINA",
          "drivingSalesRep": "UNNITTEN, ANEESH",
          "submitDate": "2018-02-01T07:33:38.000Z",
          "lastSavedDate": "2018-02-01T08:44:16.000Z",
          "dealCreator": "UNNITTEN, ANEESH",
          "requestId": "",
          "cRMOpportunityId": "",
          "watsonQuoteId": "",
          "dealExtQuoteNumber": "",
          "dealExtQuoteVersion": "",
          "tierLevel": "",
          "tierName": "",
          "sFProgramId": "",
          "currentVersionFlag": "Y",
          "initHpEmployeeNumber": "24039939",
          "oPGNumber": "",
          "archiveFlag": "N",
          "businessModelCode": "HD",
          "controlCountryCode": "US",
          "tenantIdDataCode": "HPI",
          "mixedTenantCode": "R",
          "isDealExpired": false,
          "freezeFlag": "",
          "lastMessage": "",
          "salesTerritoryId": "",
          "dealSource": "",
          "dealType": "",
          "mCCode": ""
        },
        {
          "bdId": 40231434,
          "dealNumber": 30062066,
          "dealVersionNumber": 1,
          "tenantId": "HPI",
          "stopReason": "QUOTE",
          "companyId": "Y10090863435",
          "endUserCompanyName": "JOHNSON CONTROLS GMBH",
          "dealDescription": "B000239577-01",
          "dealBeginDate": "2018-01-15T02:13:17.000Z",
          "dealEndDate": "2018-02-13T20:13:17.000Z",
          "versionStatus": "FSA",
          "dealProgCode": "F",
          "bdmeCode": "S",
          "quoteDistCode": "A",
          "wonOrLossStatus": "O",
          "dealLockFlag": "N",
          "dealLockUserId": null,
          "businessModelName": "Volume Channel",
          "dealCountry": "Germany",
          "endUserCountryName": "Germany",
          "endUserState": "",
          "drivingSalesRep": "REPRESENTATIVE, SALES",
          "submitDate": "2018-01-15T02:14:01.000Z",
          "lastSavedDate": "2018-01-15T02:14:02.000Z",
          "dealCreator": "CREATOR, DEAL",
          "requestId": "",
          "cRMOpportunityId": "OPD-0000143220",
          "watsonQuoteId": "",
          "dealExtQuoteNumber": "B000239577-01",
          "dealExtQuoteVersion": "1",
          "tierLevel": "",
          "tierName": "",
          "sFProgramId": "",
          "currentVersionFlag": "Y",
          "initHpEmployeeNumber": "-99981001",
          "oPGNumber": "",
          "archiveFlag": "N",
          "businessModelCode": "CH",
          "controlCountryCode": "DE",
          "tenantIdDataCode": "HPI",
          "mixedTenantCode": "C",
          "isDealExpired": false,
          "freezeFlag": "",
          "lastMessage": "",
          "salesTerritoryId": "",
          "dealSource": "",
          "dealType": "",
          "mCCode": ""
        },
        {
          "bdId": 40231015,
          "dealNumber": 30061867,
          "dealVersionNumber": 1,
          "tenantId": "HPI",
          "stopReason": "",
          "companyId": "Y10090863435",
          "endUserCompanyName": "JOHNSON CONTROLS GMBH",
          "dealDescription": "B000239337-01",
          "dealBeginDate": "2018-01-12T02:06:39.000Z",
          "dealEndDate": "2018-02-10T20:06:39.000Z",
          "versionStatus": "UNN",
          "dealProgCode": "U",
          "bdmeCode": "N",
          "quoteDistCode": "N",
          "wonOrLossStatus": "O",
          "dealLockFlag": "N",
          "dealLockUserId": null,
          "businessModelName": "Volume Channel",
          "dealCountry": "Germany",
          "endUserCountryName": "Germany",
          "endUserState": "",
          "drivingSalesRep": "REPRESENTATIVE, SALES",
          "submitDate": "2018-01-12T02:07:11.000Z",
          "lastSavedDate": "0001-01-01T00:00:00.000Z",
          "dealCreator": "CREATOR, DEAL",
          "requestId": "",
          "cRMOpportunityId": "OPD-0000142956",
          "watsonQuoteId": "",
          "dealExtQuoteNumber": "B000239337-01",
          "dealExtQuoteVersion": "1",
          "tierLevel": "",
          "tierName": "",
          "sFProgramId": "",
          "currentVersionFlag": "Y",
          "initHpEmployeeNumber": "-99981001",
          "oPGNumber": "",
          "archiveFlag": "N",
          "businessModelCode": "CH",
          "controlCountryCode": "DE",
          "tenantIdDataCode": "HPI",
          "mixedTenantCode": "C",
          "isDealExpired": false,
          "freezeFlag": "",
          "lastMessage": "",
          "salesTerritoryId": "",
          "dealSource": "",
          "dealType": "",
          "mCCode": ""
        },
        {
          "bdId": 40230599,
          "dealNumber": 30061673,
          "dealVersionNumber": 1,
          "tenantId": "HPI",
          "stopReason": "",
          "companyId": "Y10090863435",
          "endUserCompanyName": "JOHNSON CONTROLS GMBH",
          "dealDescription": "B000239031-01",
          "dealBeginDate": "2018-01-10T22:07:28.000Z",
          "dealEndDate": "2018-02-09T16:07:28.000Z",
          "versionStatus": "UNN",
          "dealProgCode": "U",
          "bdmeCode": "N",
          "quoteDistCode": "N",
          "wonOrLossStatus": "O",
          "dealLockFlag": "N",
          "dealLockUserId": null,
          "businessModelName": "Volume Channel",
          "dealCountry": "Germany",
          "endUserCountryName": "Germany",
          "endUserState": "",
          "drivingSalesRep": "REPRESENTATIVE, SALES",
          "submitDate": "2018-01-10T22:12:06.000Z",
          "lastSavedDate": "0001-01-01T00:00:00.000Z",
          "dealCreator": "CREATOR, DEAL",
          "requestId": "",
          "cRMOpportunityId": "OPD-0000142956",
          "watsonQuoteId": "",
          "dealExtQuoteNumber": "B000239031-01",
          "dealExtQuoteVersion": "1",
          "tierLevel": "",
          "tierName": "",
          "sFProgramId": "",
          "currentVersionFlag": "Y",
          "initHpEmployeeNumber": "-99981001",
          "oPGNumber": "",
          "archiveFlag": "N",
          "businessModelCode": "CH",
          "controlCountryCode": "DE",
          "tenantIdDataCode": "HPI",
          "mixedTenantCode": "C",
          "isDealExpired": false,
          "freezeFlag": "",
          "lastMessage": "",
          "salesTerritoryId": "",
          "dealSource": "",
          "dealType": "",
          "mCCode": ""
        },
        {
          "bdId": 40229735,
          "dealNumber": 30047639,
          "dealVersionNumber": 2,
          "tenantId": "HPI",
          "stopReason": "",
          "companyId": "Y10090862719",
          "endUserCompanyName": "JOHNSON & JOHNSON",
          "dealDescription": "V000171025-01",
          "dealBeginDate": "2017-08-28T00:00:00.000Z",
          "dealEndDate": "2017-10-31T00:00:00.000Z",
          "versionStatus": "FNN",
          "dealProgCode": "F",
          "bdmeCode": "N",
          "quoteDistCode": "N",
          "wonOrLossStatus": "O",
          "dealLockFlag": "N",
          "dealLockUserId": null,
          "businessModelName": "Consumer Channel",
          "dealCountry": "United States",
          "endUserCountryName": "United States",
          "endUserState": "MISSOURI",
          "drivingSalesRep": "UNNITTEN, ANEESH",
          "submitDate": "2018-01-08T10:05:59.000Z",
          "lastSavedDate": "2018-05-10T05:32:36.000Z",
          "dealCreator": "UNNITTEN, ANEESH",
          "requestId": "",
          "cRMOpportunityId": "",
          "watsonQuoteId": "",
          "dealExtQuoteNumber": "Sanesh-Encore-211",
          "dealExtQuoteVersion": "1",
          "tierLevel": "",
          "tierName": "",
          "sFProgramId": "",
          "currentVersionFlag": "Y",
          "initHpEmployeeNumber": "24039939",
          "oPGNumber": "",
          "archiveFlag": "N",
          "businessModelCode": "CC",
          "controlCountryCode": "US",
          "tenantIdDataCode": "HPI",
          "mixedTenantCode": "R",
          "isDealExpired": false,
          "freezeFlag": "",
          "lastMessage": "",
          "salesTerritoryId": "",
          "dealSource": "",
          "dealType": "",
          "mCCode": ""
        },
        {
          "bdId": 40165150,
          "dealNumber": 30039828,
          "dealVersionNumber": 1,
          "tenantId": "HPI",
          "stopReason": "",
          "companyId": "Y10090861768",
          "endUserCompanyName": "JOHN PHILLIPS",
          "dealDescription": "SQ-1864088",
          "dealBeginDate": "2017-07-31T06:36:54.000Z",
          "dealEndDate": "2017-08-30T06:36:54.000Z",
          "versionStatus": "UNN",
          "dealProgCode": "U",
          "bdmeCode": "N",
          "quoteDistCode": "N",
          "wonOrLossStatus": "O",
          "dealLockFlag": "N",
          "dealLockUserId": null,
          "businessModelName": "Volume Channel",
          "dealCountry": "Singapore",
          "endUserCountryName": "Singapore",
          "endUserState": "",
          "drivingSalesRep": "REPRESENTATIVE, SALES",
          "submitDate": "2017-07-31T07:33:35.000Z",
          "lastSavedDate": "0001-01-01T00:00:00.000Z",
          "dealCreator": "CREATOR, DEAL",
          "requestId": "",
          "cRMOpportunityId": "",
          "watsonQuoteId": "",
          "dealExtQuoteNumber": "1864088",
          "dealExtQuoteVersion": "",
          "tierLevel": "",
          "tierName": "",
          "sFProgramId": "",
          "currentVersionFlag": "Y",
          "initHpEmployeeNumber": "-99971018",
          "oPGNumber": "",
          "archiveFlag": "N",
          "businessModelCode": "CH",
          "controlCountryCode": "SG",
          "tenantIdDataCode": "HPI",
          "mixedTenantCode": "C",
          "isDealExpired": false,
          "freezeFlag": "",
          "lastMessage": "",
          "salesTerritoryId": "",
          "dealSource": "",
          "dealType": "",
          "mCCode": ""
        },
        {
          "bdId": 40163086,
          "dealNumber": 30038957,
          "dealVersionNumber": 1,
          "tenantId": "HPI",
          "stopReason": "QUOTE",
          "companyId": "Y10090861768",
          "endUserCompanyName": "JOHN PHILLIPS",
          "dealDescription": "new",
          "dealBeginDate": "2017-07-25T00:07:00.000Z",
          "dealEndDate": "2017-09-08T00:09:00.000Z",
          "versionStatus": "FSA",
          "dealProgCode": "F",
          "bdmeCode": "S",
          "quoteDistCode": "A",
          "wonOrLossStatus": "W",
          "dealLockFlag": "N",
          "dealLockUserId": null,
          "businessModelName": "Volume Channel",
          "dealCountry": "Singapore",
          "endUserCountryName": "Singapore",
          "endUserState": "",
          "drivingSalesRep": "S R, NITINRAJ",
          "submitDate": "2017-07-25T06:49:08.000Z",
          "lastSavedDate": "2017-07-25T07:30:13.000Z",
          "dealCreator": "S R, NITINRAJ",
          "requestId": "",
          "cRMOpportunityId": "",
          "watsonQuoteId": "",
          "dealExtQuoteNumber": "",
          "dealExtQuoteVersion": "",
          "tierLevel": "",
          "tierName": "",
          "sFProgramId": "",
          "currentVersionFlag": "Y",
          "initHpEmployeeNumber": "24018212",
          "oPGNumber": "",
          "archiveFlag": "N",
          "businessModelCode": "CH",
          "controlCountryCode": "SG",
          "tenantIdDataCode": "HPI",
          "mixedTenantCode": "C",
          "isDealExpired": false,
          "freezeFlag": "",
          "lastMessage": "",
          "salesTerritoryId": "",
          "dealSource": "",
          "dealType": "",
          "mCCode": ""
        },
        {
          "bdId": 40162848,
          "dealNumber": 30038839,
          "dealVersionNumber": 1,
          "tenantId": "HPI",
          "stopReason": "QUOTE",
          "companyId": "Y10090861768",
          "endUserCompanyName": "JOHN PHILLIPS",
          "dealDescription": "SQ-1863844",
          "dealBeginDate": "2017-07-24T11:19:32.000Z",
          "dealEndDate": "2017-08-23T11:19:32.000Z",
          "versionStatus": "FSA",
          "dealProgCode": "F",
          "bdmeCode": "S",
          "quoteDistCode": "A",
          "wonOrLossStatus": "O",
          "dealLockFlag": "N",
          "dealLockUserId": null,
          "businessModelName": "Volume Channel",
          "dealCountry": "Singapore",
          "endUserCountryName": "Singapore",
          "endUserState": "",
          "drivingSalesRep": "REPRESENTATIVE, SALES",
          "submitDate": "2017-07-24T11:26:23.000Z",
          "lastSavedDate": "2017-07-24T11:30:24.000Z",
          "dealCreator": "PRIYA, MUKUNDA",
          "requestId": "",
          "cRMOpportunityId": "",
          "watsonQuoteId": "",
          "dealExtQuoteNumber": "1863844",
          "dealExtQuoteVersion": "",
          "tierLevel": "",
          "tierName": "",
          "sFProgramId": "",
          "currentVersionFlag": "Y",
          "initHpEmployeeNumber": "24017577",
          "oPGNumber": "",
          "archiveFlag": "N",
          "businessModelCode": "CH",
          "controlCountryCode": "SG",
          "tenantIdDataCode": "HPI",
          "mixedTenantCode": "C",
          "isDealExpired": false,
          "freezeFlag": "",
          "lastMessage": "",
          "salesTerritoryId": "",
          "dealSource": "",
          "dealType": "",
          "mCCode": ""
        },
        {
          "bdId": 40162778,
          "dealNumber": 30038779,
          "dealVersionNumber": 1,
          "tenantId": "HPI",
          "stopReason": "QUOTE",
          "companyId": "Y10090861768",
          "endUserCompanyName": "JOHN PHILLIPS",
          "dealDescription": "SQ-1863830",
          "dealBeginDate": "2017-07-24T05:32:55.000Z",
          "dealEndDate": "2017-08-23T05:32:55.000Z",
          "versionStatus": "FSA",
          "dealProgCode": "F",
          "bdmeCode": "S",
          "quoteDistCode": "A",
          "wonOrLossStatus": "W",
          "dealLockFlag": "N",
          "dealLockUserId": null,
          "businessModelName": "Volume Channel",
          "dealCountry": "Singapore",
          "endUserCountryName": "Singapore",
          "endUserState": "",
          "drivingSalesRep": "REPRESENTATIVE, SALES",
          "submitDate": "2017-07-24T06:20:21.000Z",
          "lastSavedDate": "2020-12-02T11:14:50.000Z",
          "dealCreator": "PRIYA, MUKUNDA",
          "requestId": "",
          "cRMOpportunityId": "",
          "watsonQuoteId": "",
          "dealExtQuoteNumber": "1863830",
          "dealExtQuoteVersion": "",
          "tierLevel": "",
          "tierName": "",
          "sFProgramId": "",
          "currentVersionFlag": "Y",
          "initHpEmployeeNumber": "24017577",
          "oPGNumber": "",
          "archiveFlag": "N",
          "businessModelCode": "CH",
          "controlCountryCode": "SG",
          "tenantIdDataCode": "HPI",
          "mixedTenantCode": "C",
          "isDealExpired": false,
          "freezeFlag": "",
          "lastMessage": "",
          "salesTerritoryId": "",
          "dealSource": "",
          "dealType": "",
          "mCCode": ""
        },
        {
          "bdId": 40152201,
          "dealNumber": 30035501,
          "dealVersionNumber": 1,
          "tenantId": "HPI",
          "stopReason": "QUOTE",
          "companyId": "Y10090861768",
          "endUserCompanyName": "JOHN PHILLIPS",
          "dealDescription": "SQ-1864703",
          "dealBeginDate": "2017-07-04T08:54:32.000Z",
          "dealEndDate": "2017-08-03T08:54:32.000Z",
          "versionStatus": "FSA",
          "dealProgCode": "F",
          "bdmeCode": "S",
          "quoteDistCode": "A",
          "wonOrLossStatus": "O",
          "dealLockFlag": "N",
          "dealLockUserId": null,
          "businessModelName": "Volume Channel",
          "dealCountry": "Singapore",
          "endUserCountryName": "Singapore",
          "endUserState": "",
          "drivingSalesRep": "REPRESENTATIVE, SALES",
          "submitDate": "2017-07-04T10:14:04.000Z",
          "lastSavedDate": "2017-07-04T10:39:35.000Z",
          "dealCreator": "PRIYA, MUKUNDA",
          "requestId": "",
          "cRMOpportunityId": "",
          "watsonQuoteId": "",
          "dealExtQuoteNumber": "1864703",
          "dealExtQuoteVersion": "",
          "tierLevel": "",
          "tierName": "",
          "sFProgramId": "",
          "currentVersionFlag": "Y",
          "initHpEmployeeNumber": "24017577",
          "oPGNumber": "",
          "archiveFlag": "N",
          "businessModelCode": "CH",
          "controlCountryCode": "SG",
          "tenantIdDataCode": "HPI",
          "mixedTenantCode": "C",
          "isDealExpired": false,
          "freezeFlag": "",
          "lastMessage": "",
          "salesTerritoryId": "",
          "dealSource": "",
          "dealType": "",
          "mCCode": ""
        },
        {
          "bdId": 40149014,
          "dealNumber": 30034562,
          "dealVersionNumber": 1,
          "tenantId": "HPI",
          "stopReason": "QUOTE",
          "companyId": "Y10090861768",
          "endUserCompanyName": "JOHN PHILLIPS",
          "dealDescription": "test",
          "dealBeginDate": "2017-06-27T00:06:00.000Z",
          "dealEndDate": "2017-08-11T00:08:00.000Z",
          "versionStatus": "FSA",
          "dealProgCode": "F",
          "bdmeCode": "S",
          "quoteDistCode": "A",
          "wonOrLossStatus": "W",
          "dealLockFlag": "N",
          "dealLockUserId": null,
          "businessModelName": "Volume Channel",
          "dealCountry": "Singapore",
          "endUserCountryName": "Singapore",
          "endUserState": "",
          "drivingSalesRep": "PRIYA, MUKUNDA",
          "submitDate": "2017-06-27T08:29:44.000Z",
          "lastSavedDate": "2017-06-27T08:55:29.000Z",
          "dealCreator": "PRIYA, MUKUNDA",
          "requestId": "",
          "cRMOpportunityId": "",
          "watsonQuoteId": "",
          "dealExtQuoteNumber": "",
          "dealExtQuoteVersion": "",
          "tierLevel": "",
          "tierName": "",
          "sFProgramId": "",
          "currentVersionFlag": "Y",
          "initHpEmployeeNumber": "24017577",
          "oPGNumber": "",
          "archiveFlag": "N",
          "businessModelCode": "CH",
          "controlCountryCode": "SG",
          "tenantIdDataCode": "HPI",
          "mixedTenantCode": "C",
          "isDealExpired": false,
          "freezeFlag": "",
          "lastMessage": "",
          "salesTerritoryId": "",
          "dealSource": "",
          "dealType": "",
          "mCCode": ""
        },
        {
          "bdId": 40147323,
          "dealNumber": 30034032,
          "dealVersionNumber": 1,
          "tenantId": "HPI",
          "stopReason": "",
          "companyId": "Y10090861768",
          "endUserCompanyName": "JOHN PHILLIPS",
          "dealDescription": "test",
          "dealBeginDate": "2017-06-23T00:06:00.000Z",
          "dealEndDate": "2017-08-07T00:08:00.000Z",
          "versionStatus": "UNN",
          "dealProgCode": "U",
          "bdmeCode": "N",
          "quoteDistCode": "N",
          "wonOrLossStatus": "O",
          "dealLockFlag": "N",
          "dealLockUserId": null,
          "businessModelName": "Volume Channel",
          "dealCountry": "Singapore",
          "endUserCountryName": "Singapore",
          "endUserState": "",
          "drivingSalesRep": "PRIYA, MUKUNDA",
          "submitDate": "2017-06-23T11:05:14.000Z",
          "lastSavedDate": "0001-01-01T00:00:00.000Z",
          "dealCreator": "PRIYA, MUKUNDA",
          "requestId": "",
          "cRMOpportunityId": "",
          "watsonQuoteId": "",
          "dealExtQuoteNumber": "",
          "dealExtQuoteVersion": "",
          "tierLevel": "",
          "tierName": "",
          "sFProgramId": "",
          "currentVersionFlag": "Y",
          "initHpEmployeeNumber": "24017577",
          "oPGNumber": "",
          "archiveFlag": "N",
          "businessModelCode": "CH",
          "controlCountryCode": "SG",
          "tenantIdDataCode": "HPI",
          "mixedTenantCode": "C",
          "isDealExpired": false,
          "freezeFlag": "",
          "lastMessage": "",
          "salesTerritoryId": "",
          "dealSource": "",
          "dealType": "",
          "mCCode": ""
        },
        {
          "bdId": 40147274,
          "dealNumber": 30034000,
          "dealVersionNumber": 1,
          "tenantId": "HPI",
          "stopReason": "QUOTE",
          "companyId": "Y10090861768",
          "endUserCompanyName": "JOHN PHILLIPS",
          "dealDescription": "SQ-1864613",
          "dealBeginDate": "2017-06-23T05:22:49.000Z",
          "dealEndDate": "2017-07-23T05:22:49.000Z",
          "versionStatus": "FSA",
          "dealProgCode": "F",
          "bdmeCode": "S",
          "quoteDistCode": "A",
          "wonOrLossStatus": "O",
          "dealLockFlag": "N",
          "dealLockUserId": null,
          "businessModelName": "Volume Channel",
          "dealCountry": "Singapore",
          "endUserCountryName": "Singapore",
          "endUserState": "",
          "drivingSalesRep": "REPRESENTATIVE, SALES",
          "submitDate": "2017-06-23T05:45:12.000Z",
          "lastSavedDate": "2017-06-23T06:23:06.000Z",
          "dealCreator": "DONEMPUDI, DHANUNJAYA",
          "requestId": "",
          "cRMOpportunityId": "",
          "watsonQuoteId": "",
          "dealExtQuoteNumber": "1864613",
          "dealExtQuoteVersion": "",
          "tierLevel": "",
          "tierName": "",
          "sFProgramId": "",
          "currentVersionFlag": "Y",
          "initHpEmployeeNumber": "22070481",
          "oPGNumber": "",
          "archiveFlag": "N",
          "businessModelCode": "CH",
          "controlCountryCode": "SG",
          "tenantIdDataCode": "HPI",
          "mixedTenantCode": "C",
          "isDealExpired": false,
          "freezeFlag": "",
          "lastMessage": "",
          "salesTerritoryId": "",
          "dealSource": "",
          "dealType": "",
          "mCCode": ""
        },
        {
          "bdId": 40146998,
          "dealNumber": 30033804,
          "dealVersionNumber": 1,
          "tenantId": "HPI",
          "stopReason": "QUOTE",
          "companyId": "Y10090861768",
          "endUserCompanyName": "JOHN PHILLIPS",
          "dealDescription": "SQ-1864594",
          "dealBeginDate": "2017-06-22T06:24:29.000Z",
          "dealEndDate": "2017-07-22T06:24:29.000Z",
          "versionStatus": "FSA",
          "dealProgCode": "F",
          "bdmeCode": "S",
          "quoteDistCode": "A",
          "wonOrLossStatus": "O",
          "dealLockFlag": "N",
          "dealLockUserId": null,
          "businessModelName": "Volume Channel",
          "dealCountry": "Singapore",
          "endUserCountryName": "Singapore",
          "endUserState": "",
          "drivingSalesRep": "REPRESENTATIVE, SALES",
          "submitDate": "2017-06-22T09:22:29.000Z",
          "lastSavedDate": "2017-06-22T09:35:31.000Z",
          "dealCreator": "PRIYA, MUKUNDA",
          "requestId": "",
          "cRMOpportunityId": "",
          "watsonQuoteId": "",
          "dealExtQuoteNumber": "1864594",
          "dealExtQuoteVersion": "",
          "tierLevel": "",
          "tierName": "",
          "sFProgramId": "",
          "currentVersionFlag": "Y",
          "initHpEmployeeNumber": "24017577",
          "oPGNumber": "",
          "archiveFlag": "N",
          "businessModelCode": "CH",
          "controlCountryCode": "SG",
          "tenantIdDataCode": "HPI",
          "mixedTenantCode": "C",
          "isDealExpired": false,
          "freezeFlag": "",
          "lastMessage": "",
          "salesTerritoryId": "",
          "dealSource": "",
          "dealType": "",
          "mCCode": ""
        },
        {
          "bdId": 40144107,
          "dealNumber": 30033171,
          "dealVersionNumber": 1,
          "tenantId": "HPI",
          "stopReason": "QUOTE",
          "companyId": "Y10090861768",
          "endUserCompanyName": "JOHN PHILLIPS",
          "dealDescription": "Mmanual Deal",
          "dealBeginDate": "2017-06-19T00:06:00.000Z",
          "dealEndDate": "2017-08-03T00:08:00.000Z",
          "versionStatus": "FSA",
          "dealProgCode": "F",
          "bdmeCode": "S",
          "quoteDistCode": "A",
          "wonOrLossStatus": "W",
          "dealLockFlag": "N",
          "dealLockUserId": null,
          "businessModelName": "Volume Channel",
          "dealCountry": "Singapore",
          "endUserCountryName": "Singapore",
          "endUserState": "",
          "drivingSalesRep": "PRIYA, MUKUNDA",
          "submitDate": "2017-06-19T05:03:27.000Z",
          "lastSavedDate": "2017-06-19T05:47:27.000Z",
          "dealCreator": "PRIYA, MUKUNDA",
          "requestId": "",
          "cRMOpportunityId": "",
          "watsonQuoteId": "",
          "dealExtQuoteNumber": "",
          "dealExtQuoteVersion": "",
          "tierLevel": "",
          "tierName": "",
          "sFProgramId": "",
          "currentVersionFlag": "Y",
          "initHpEmployeeNumber": "24017577",
          "oPGNumber": "",
          "archiveFlag": "N",
          "businessModelCode": "CH",
          "controlCountryCode": "SG",
          "tenantIdDataCode": "HPI",
          "mixedTenantCode": "C",
          "isDealExpired": false,
          "freezeFlag": "",
          "lastMessage": "",
          "salesTerritoryId": "",
          "dealSource": "",
          "dealType": "",
          "mCCode": ""
        },
        {
          "bdId": 40144178,
          "dealNumber": 30033168,
          "dealVersionNumber": 1,
          "tenantId": "HPI",
          "stopReason": "QUOTE",
          "companyId": "Y10090861768",
          "endUserCompanyName": "JOHN PHILLIPS",
          "dealDescription": "SQ-1864541",
          "dealBeginDate": "2017-06-19T04:52:29.000Z",
          "dealEndDate": "2017-07-19T04:52:29.000Z",
          "versionStatus": "FSA",
          "dealProgCode": "F",
          "bdmeCode": "S",
          "quoteDistCode": "A",
          "wonOrLossStatus": "W",
          "dealLockFlag": "N",
          "dealLockUserId": null,
          "businessModelName": "Volume Channel",
          "dealCountry": "Singapore",
          "endUserCountryName": "Singapore",
          "endUserState": "",
          "drivingSalesRep": "REPRESENTATIVE, SALES",
          "submitDate": "2017-06-19T05:46:45.000Z",
          "lastSavedDate": "2017-06-19T05:52:28.000Z",
          "dealCreator": "PRIYA, MUKUNDA",
          "requestId": "",
          "cRMOpportunityId": "",
          "watsonQuoteId": "",
          "dealExtQuoteNumber": "1864541",
          "dealExtQuoteVersion": "",
          "tierLevel": "",
          "tierName": "",
          "sFProgramId": "",
          "currentVersionFlag": "Y",
          "initHpEmployeeNumber": "24017577",
          "oPGNumber": "",
          "archiveFlag": "N",
          "businessModelCode": "CH",
          "controlCountryCode": "SG",
          "tenantIdDataCode": "HPI",
          "mixedTenantCode": "C",
          "isDealExpired": false,
          "freezeFlag": "",
          "lastMessage": "",
          "salesTerritoryId": "",
          "dealSource": "",
          "dealType": "",
          "mCCode": ""
        },
        {
          "bdId": 40133730,
          "dealNumber": 30029733,
          "dealVersionNumber": 1,
          "tenantId": "HPI",
          "stopReason": "",
          "companyId": "Y10090861768",
          "endUserCompanyName": "JOHN PHILLIPS",
          "dealDescription": "SQ-1863842",
          "dealBeginDate": "2017-05-22T00:00:00.000Z",
          "dealEndDate": "2017-06-30T00:00:00.000Z",
          "versionStatus": "FNN",
          "dealProgCode": "F",
          "bdmeCode": "N",
          "quoteDistCode": "R",
          "wonOrLossStatus": "O",
          "dealLockFlag": "N",
          "dealLockUserId": null,
          "businessModelName": "Volume Channel",
          "dealCountry": "Singapore",
          "endUserCountryName": "Singapore",
          "endUserState": "",
          "drivingSalesRep": "DONEMPUDI, DHANUNJAYA",
          "submitDate": "2017-05-22T06:32:32.000Z",
          "lastSavedDate": "2017-05-23T05:40:29.000Z",
          "dealCreator": "DONEMPUDI, DHANUNJAYA",
          "requestId": "",
          "cRMOpportunityId": "",
          "watsonQuoteId": "",
          "dealExtQuoteNumber": "1863842",
          "dealExtQuoteVersion": "",
          "tierLevel": "",
          "tierName": "",
          "sFProgramId": "",
          "currentVersionFlag": "Y",
          "initHpEmployeeNumber": "22070481",
          "oPGNumber": "",
          "archiveFlag": "N",
          "businessModelCode": "CH",
          "controlCountryCode": "SG",
          "tenantIdDataCode": "HPI",
          "mixedTenantCode": "C",
          "isDealExpired": false,
          "freezeFlag": "",
          "lastMessage": "",
          "salesTerritoryId": "",
          "dealSource": "",
          "dealType": "",
          "mCCode": ""
        },
        {
          "bdId": 40131878,
          "dealNumber": 30029408,
          "dealVersionNumber": 1,
          "tenantId": "HPI",
          "stopReason": "",
          "companyId": "Y10090861768",
          "endUserCompanyName": "JOHN PHILLIPS",
          "dealDescription": "SQ-1863842",
          "dealBeginDate": "2017-05-18T07:27:11.000Z",
          "dealEndDate": "2017-06-17T07:27:11.000Z",
          "versionStatus": "FNN",
          "dealProgCode": "F",
          "bdmeCode": "N",
          "quoteDistCode": "R",
          "wonOrLossStatus": "",
          "dealLockFlag": "N",
          "dealLockUserId": null,
          "businessModelName": "Volume Channel",
          "dealCountry": "Singapore",
          "endUserCountryName": "Singapore",
          "endUserState": "",
          "drivingSalesRep": "REPRESENTATIVE, SALES",
          "submitDate": "2017-05-22T07:47:40.000Z",
          "lastSavedDate": "2017-05-22T08:59:38.000Z",
          "dealCreator": "PRIYA, MUKUNDA",
          "requestId": "",
          "cRMOpportunityId": "",
          "watsonQuoteId": "",
          "dealExtQuoteNumber": "1863842",
          "dealExtQuoteVersion": "",
          "tierLevel": "",
          "tierName": "",
          "sFProgramId": "",
          "currentVersionFlag": "Y",
          "initHpEmployeeNumber": "24017577",
          "oPGNumber": "",
          "archiveFlag": "N",
          "businessModelCode": "CH",
          "controlCountryCode": "SG",
          "tenantIdDataCode": "HPI",
          "mixedTenantCode": "C",
          "isDealExpired": false,
          "freezeFlag": "",
          "lastMessage": "",
          "salesTerritoryId": "",
          "dealSource": "",
          "dealType": "",
          "mCCode": ""
        },
        {
          "bdId": 40131348,
          "dealNumber": 30029263,
          "dealVersionNumber": 1,
          "tenantId": "HPI",
          "stopReason": "QUOTE",
          "companyId": "Y10090861768",
          "endUserCompanyName": "JOHN PHILLIPS",
          "dealDescription": "SQ-1863815",
          "dealBeginDate": "2017-05-17T06:37:27.000Z",
          "dealEndDate": "2017-06-16T06:37:27.000Z",
          "versionStatus": "FSA",
          "dealProgCode": "F",
          "bdmeCode": "S",
          "quoteDistCode": "A",
          "wonOrLossStatus": "O",
          "dealLockFlag": "N",
          "dealLockUserId": null,
          "businessModelName": "Volume Channel",
          "dealCountry": "Singapore",
          "endUserCountryName": "Singapore",
          "endUserState": "",
          "drivingSalesRep": "REPRESENTATIVE, SALES",
          "submitDate": "2017-05-17T06:42:52.000Z",
          "lastSavedDate": "2017-05-17T06:56:35.000Z",
          "dealCreator": "PRIYA, MUKUNDA",
          "requestId": "",
          "cRMOpportunityId": "",
          "watsonQuoteId": "",
          "dealExtQuoteNumber": "1863815",
          "dealExtQuoteVersion": "",
          "tierLevel": "",
          "tierName": "",
          "sFProgramId": "",
          "currentVersionFlag": "Y",
          "initHpEmployeeNumber": "24017577",
          "oPGNumber": "",
          "archiveFlag": "N",
          "businessModelCode": "CH",
          "controlCountryCode": "SG",
          "tenantIdDataCode": "HPI",
          "mixedTenantCode": "C",
          "isDealExpired": false,
          "freezeFlag": "",
          "lastMessage": "",
          "salesTerritoryId": "",
          "dealSource": "",
          "dealType": "",
          "mCCode": ""
        },
        {
          "bdId": 40127380,
          "dealNumber": 30027329,
          "dealVersionNumber": 1,
          "tenantId": "HPI",
          "stopReason": "QUOTE",
          "companyId": "Y10090861768",
          "endUserCompanyName": "JOHN PHILLIPS",
          "dealDescription": "SQ-1863622",
          "dealBeginDate": "2017-05-05T11:01:32.000Z",
          "dealEndDate": "2017-06-04T11:01:32.000Z",
          "versionStatus": "FSA",
          "dealProgCode": "F",
          "bdmeCode": "S",
          "quoteDistCode": "A",
          "wonOrLossStatus": "O",
          "dealLockFlag": "N",
          "dealLockUserId": null,
          "businessModelName": "Volume Channel",
          "dealCountry": "Singapore",
          "endUserCountryName": "Singapore",
          "endUserState": "",
          "drivingSalesRep": "REPRESENTATIVE, SALES",
          "submitDate": "2017-05-05T11:04:32.000Z",
          "lastSavedDate": "2017-05-05T11:07:10.000Z",
          "dealCreator": "PRIYA, MUKUNDA",
          "requestId": "",
          "cRMOpportunityId": "",
          "watsonQuoteId": "",
          "dealExtQuoteNumber": "1863622",
          "dealExtQuoteVersion": "",
          "tierLevel": "",
          "tierName": "",
          "sFProgramId": "",
          "currentVersionFlag": "Y",
          "initHpEmployeeNumber": "24017577",
          "oPGNumber": "",
          "archiveFlag": "N",
          "businessModelCode": "CH",
          "controlCountryCode": "SG",
          "tenantIdDataCode": "HPI",
          "mixedTenantCode": "C",
          "isDealExpired": false,
          "freezeFlag": "",
          "lastMessage": "",
          "salesTerritoryId": "",
          "dealSource": "",
          "dealType": "",
          "mCCode": ""
        },
        {
          "bdId": 40126906,
          "dealNumber": 30027269,
          "dealVersionNumber": 1,
          "tenantId": "HPI",
          "stopReason": "",
          "companyId": "Y10090861768",
          "endUserCompanyName": "JOHN PHILLIPS",
          "dealDescription": "SQ-1863601",
          "dealBeginDate": "2017-05-05T05:46:46.000Z",
          "dealEndDate": "2017-06-04T05:46:46.000Z",
          "versionStatus": "FSN",
          "dealProgCode": "F",
          "bdmeCode": "S",
          "quoteDistCode": "R",
          "wonOrLossStatus": "O",
          "dealLockFlag": "N",
          "dealLockUserId": null,
          "businessModelName": "Volume Channel",
          "dealCountry": "Singapore",
          "endUserCountryName": "Singapore",
          "endUserState": "",
          "drivingSalesRep": "REPRESENTATIVE, SALES",
          "submitDate": "2017-05-05T05:59:48.000Z",
          "lastSavedDate": "2017-05-18T07:31:49.000Z",
          "dealCreator": "PRIYA, MUKUNDA",
          "requestId": "",
          "cRMOpportunityId": "",
          "watsonQuoteId": "",
          "dealExtQuoteNumber": "1863601",
          "dealExtQuoteVersion": "",
          "tierLevel": "",
          "tierName": "",
          "sFProgramId": "",
          "currentVersionFlag": "Y",
          "initHpEmployeeNumber": "24017577",
          "oPGNumber": "",
          "archiveFlag": "N",
          "businessModelCode": "CH",
          "controlCountryCode": "SG",
          "tenantIdDataCode": "HPI",
          "mixedTenantCode": "C",
          "isDealExpired": false,
          "freezeFlag": "",
          "lastMessage": "",
          "salesTerritoryId": "",
          "dealSource": "",
          "dealType": "",
          "mCCode": ""
        },
        {
          "bdId": 40126531,
          "dealNumber": 30027029,
          "dealVersionNumber": 1,
          "tenantId": "HPI",
          "stopReason": "QUOTE",
          "companyId": "Y10090861768",
          "endUserCompanyName": "JOHN PHILLIPS",
          "dealDescription": "SQ-1863564",
          "dealBeginDate": "2017-05-04T06:00:35.000Z",
          "dealEndDate": "2017-06-03T06:00:35.000Z",
          "versionStatus": "FSA",
          "dealProgCode": "F",
          "bdmeCode": "S",
          "quoteDistCode": "A",
          "wonOrLossStatus": "W",
          "dealLockFlag": "N",
          "dealLockUserId": null,
          "businessModelName": "Volume Channel",
          "dealCountry": "Singapore",
          "endUserCountryName": "Singapore",
          "endUserState": "",
          "drivingSalesRep": "REPRESENTATIVE, SALES",
          "submitDate": "2017-05-04T06:13:51.000Z",
          "lastSavedDate": "2017-05-04T06:48:28.000Z",
          "dealCreator": "PRIYA, MUKUNDA",
          "requestId": "",
          "cRMOpportunityId": "",
          "watsonQuoteId": "",
          "dealExtQuoteNumber": "1863564",
          "dealExtQuoteVersion": "",
          "tierLevel": "",
          "tierName": "",
          "sFProgramId": "",
          "currentVersionFlag": "Y",
          "initHpEmployeeNumber": "24017577",
          "oPGNumber": "",
          "archiveFlag": "N",
          "businessModelCode": "CH",
          "controlCountryCode": "SG",
          "tenantIdDataCode": "HPI",
          "mixedTenantCode": "C",
          "isDealExpired": false,
          "freezeFlag": "",
          "lastMessage": "",
          "salesTerritoryId": "",
          "dealSource": "",
          "dealType": "",
          "mCCode": ""
        },
        {
          "bdId": 40125234,
          "dealNumber": 30021514,
          "dealVersionNumber": 2,
          "tenantId": "HPI",
          "stopReason": "",
          "companyId": "Y10090855832",
          "endUserCompanyName": "JOHN SWIRE & SONS PTY LTD",
          "dealDescription": "Test Deal",
          "dealBeginDate": "2017-04-13T00:00:00.000Z",
          "dealEndDate": "2017-07-31T00:00:00.000Z",
          "versionStatus": "UNN",
          "dealProgCode": "U",
          "bdmeCode": "N",
          "quoteDistCode": "N",
          "wonOrLossStatus": "O",
          "dealLockFlag": "N",
          "dealLockUserId": null,
          "businessModelName": "MS Contractual Chan",
          "dealCountry": "Australia",
          "endUserCountryName": "Australia",
          "endUserState": "NEW SOUTH WALES",
          "drivingSalesRep": "S, JAYA PRATHYUSHA",
          "submitDate": "0001-01-01T00:00:00.000Z",
          "lastSavedDate": "2017-04-27T07:23:55.000Z",
          "dealCreator": "S, JAYA PRATHYUSHA",
          "requestId": "",
          "cRMOpportunityId": "",
          "watsonQuoteId": "",
          "dealExtQuoteNumber": "",
          "dealExtQuoteVersion": "",
          "tierLevel": "",
          "tierName": "",
          "sFProgramId": "",
          "currentVersionFlag": "Y",
          "initHpEmployeeNumber": "24017959",
          "oPGNumber": "",
          "archiveFlag": "N",
          "businessModelCode": "CI",
          "controlCountryCode": "AU",
          "tenantIdDataCode": "HPI",
          "mixedTenantCode": "C",
          "isDealExpired": false,
          "freezeFlag": "",
          "lastMessage": "",
          "salesTerritoryId": "",
          "dealSource": "",
          "dealType": "",
          "mCCode": ""
        },
        {
          "bdId": 40111457,
          "dealNumber": 30020314,
          "dealVersionNumber": 1,
          "tenantId": "HPI",
          "stopReason": "QUOTE",
          "companyId": "Y10090861768",
          "endUserCompanyName": "JOHN PHILLIPS",
          "dealDescription": "new",
          "dealBeginDate": "2017-04-04T00:04:00.000Z",
          "dealEndDate": "2017-05-19T00:05:00.000Z",
          "versionStatus": "FSA",
          "dealProgCode": "F",
          "bdmeCode": "S",
          "quoteDistCode": "A",
          "wonOrLossStatus": "W",
          "dealLockFlag": "N",
          "dealLockUserId": null,
          "businessModelName": "Volume Channel",
          "dealCountry": "Singapore",
          "endUserCountryName": "Singapore",
          "endUserState": "",
          "drivingSalesRep": "S R, NITINRAJ",
          "submitDate": "2017-04-07T05:03:29.000Z",
          "lastSavedDate": "2017-04-07T05:06:24.000Z",
          "dealCreator": "S R, NITINRAJ",
          "requestId": "",
          "cRMOpportunityId": "",
          "watsonQuoteId": "",
          "dealExtQuoteNumber": "",
          "dealExtQuoteVersion": "",
          "tierLevel": "",
          "tierName": "",
          "sFProgramId": "",
          "currentVersionFlag": "Y",
          "initHpEmployeeNumber": "24018212",
          "oPGNumber": "",
          "archiveFlag": "N",
          "businessModelCode": "CH",
          "controlCountryCode": "SG",
          "tenantIdDataCode": "HPI",
          "mixedTenantCode": "C",
          "isDealExpired": false,
          "freezeFlag": "",
          "lastMessage": "",
          "salesTerritoryId": "",
          "dealSource": "",
          "dealType": "",
          "mCCode": ""
        },
        {
          "bdId": 40104089,
          "dealNumber": 30016968,
          "dealVersionNumber": 1,
          "tenantId": "HPI",
          "stopReason": "QUOTE",
          "companyId": "Y10090861225",
          "endUserCompanyName": "JOHNSON & JOHNSON KOREA LTD",
          "dealDescription": "SQ-1862028",
          "dealBeginDate": "2017-02-23T09:02:20.000Z",
          "dealEndDate": "2017-03-25T09:02:20.000Z",
          "versionStatus": "FSA",
          "dealProgCode": "F",
          "bdmeCode": "S",
          "quoteDistCode": "A",
          "wonOrLossStatus": "O",
          "dealLockFlag": "N",
          "dealLockUserId": null,
          "businessModelName": "Volume Channel",
          "dealCountry": "Korea, Republic of",
          "endUserCountryName": "Korea, Republic of",
          "endUserState": "",
          "drivingSalesRep": "REPRESENTATIVE, SALES",
          "submitDate": "2017-02-23T09:49:36.000Z",
          "lastSavedDate": "2017-02-23T09:53:43.000Z",
          "dealCreator": "HUANG, WEIWEI",
          "requestId": "",
          "cRMOpportunityId": "",
          "watsonQuoteId": "",
          "dealExtQuoteNumber": "1862028",
          "dealExtQuoteVersion": "",
          "tierLevel": "",
          "tierName": "",
          "sFProgramId": "",
          "currentVersionFlag": "Y",
          "initHpEmployeeNumber": "90000913",
          "oPGNumber": "",
          "archiveFlag": "N",
          "businessModelCode": "CH",
          "controlCountryCode": "KR",
          "tenantIdDataCode": "HPI",
          "mixedTenantCode": "C",
          "isDealExpired": false,
          "freezeFlag": "",
          "lastMessage": "",
          "salesTerritoryId": "",
          "dealSource": "",
          "dealType": "",
          "mCCode": ""
        }
      ]
    }
  }
}