{
  "data": {
    "employeeList": {
      "didError": false,
      "errorCode": null,
      "errorMessage": null,
      "totalPageCount": 1,
      "employees": [
        {
          "lastName": "Last6",
          "firstName": "First6",
          "country": "",
          "emailAddress": "user6@dummy.com",
          "employeeNumber": 24098093,
          "phoneNumber": "",
          "tenantId": "HPI",
          "tenantDealOverrideFlag": "N",
          "federalAccessFlag": "N"
        }
      ]
    }
  }
}