{
  "data": {
    "dealSearchOptions": {
      "didError": false,
      "errorCode": null,
      "errorMessage": null,
      "dealFilters": [
        {
          "text": "Current version",
          "value": "CurrentVersion"
        },
        {
          "text": "All versions",
          "value": "AllVersions"
        },
        {
          "text": "Version 0",
          "value": "Version0"
        },
        {
          "text": "Deals w/unsubmitted changes",
          "value": "MyUnsubmittedDeals"
        },
        {
          "text": "Pending deals",
          "value": "PendingDeals"
        },
        {
          "text": "Recent deals (last 50)",
          "value": "Last50Deals"
        },
        {
          "text": "Won deals (Last 365 Days)",
          "value": "WonDeals"
        },
        {
          "text": "Active deals (Last 365 Days)",
          "value": "ActiveDeals"
        }
      ],
      "searchBy": [
        {
          "text": "All",
          "value": "All"
        },
        {
          "text": "Deal number",
          "value": "DealNumber"
        },
        {
          "text": "Customer name",
          "value": "CustomerName"
        },
        {
          "text": "Customer ID",
          "value": "CustomerID"
        },
        {
          "text": "Deal description",
          "value": "DealDescription"
        },
        {
          "text": "Ext. quote No.",
          "value": "ExternalQuoteNr"
        },
        {
          "text": "OPG number",
          "value": "OPGNumber"
        },
        {
          "text": "Opportunity ID",
          "value": "OpportunityID"
        },
        {
          "text": "Sales territory ID",
          "value": "SalesTerritoryID"
        }
      ],
      "tenants": [
        {
          "text": "HPI",
          "value": "HPI"
        },
        {
          "text": "HPF",
          "value": "HPF"
        },
        {
          "text": "HPI,HPF",
          "value": "HPI,HPF"
        }
      ],
      "employeeRoles": [
        {
          "text": "Driving sales rep",
          "value": "DSR"
        },
        {
          "text": "Deal lead",
          "value": "DL"
        },
        {
          "text": "Auth users to edit",
          "value": "AUE"
        },
        {
          "text": "District manager",
          "value": "DM"
        },
        {
          "text": "Specialists",
          "value": "SPCL"
        }
      ],
      "dealTypes": [
        {
          "text": "All",
          "value": "All"
        },
        {
          "text": "Standard",
          "value": "Standard"
        },
        {
          "text": "OPG",
          "value": "OPG"
        },
        {
          "text": "Tier",
          "value": "Tier"
        },
        {
          "text": "One off/Payment OPG",
          "value": "OneOffPaymentOPG"
        }
      ],
      "dealSources": [
        {
          "code": "All",
          "name": "All"
        },
        {
          "code": "ARCS",
          "name": "Arcsight"
        },
        {
          "code": "BMI",
          "name": "BMI"
        },
        {
          "code": "DARTIPC",
          "name": "DARTIPC"
        },
        {
          "code": "EDP",
          "name": "EDP"
        },
        {
          "code": "ECLP",
          "name": "Eclipse"
        },
        {
          "code": "COPY",
          "name": "Eclipse Deal Copy"
        },
        {
          "code": "EXTD",
          "name": "Eclipse Extended Deal"
        },
        {
          "code": "INSTAPRICE",
          "name": "Next Generation Quote"
        },
        {
          "code": "STS",
          "name": "STS"
        },
        {
          "code": "SEBL",
          "name": "Siebel CRM"
        },
        {
          "code": "SMQT",
          "name": "Smart Quote"
        },
        {
          "code": "SMARTQUOTE",
          "name": "Smart Quote"
        },
        {
          "code": "EPRIME",
          "name": "ePRIME"
        }
      ],
      "countries": [
        {
          "code": "AF",
          "name": "Afghanistan"
        },
        {
          "code": "AC",
          "name": "Africa"
        },
        {
          "code": "AL",
          "name": "Albania"
        },
        {
          "code": "DZ",
          "name": "Algeria"
        },
        {
          "code": "AD",
          "name": "Andorra"
        },
        {
          "code": "AO",
          "name": "Angola"
        },
        {
          "code": "AI",
          "name": "Anguilla"
        },
        {
          "code": "AG",
          "name": "Antigua and Barbuda Islands"
        },
        {
          "code": "AR",
          "name": "Argentina"
        },
        {
          "code": "AM",
          "name": "Armenia"
        },
        {
          "code": "AW",
          "name": "Aruba"
        },
        {
          "code": "AP",
          "name": "Asia Pacific"
        },
        {
          "code": "AU",
          "name": "Australia"
        },
        {
          "code": "AT",
          "name": "Austria"
        },
        {
          "code": "AZ",
          "name": "Azerbaijan"
        },
        {
          "code": "BS",
          "name": "Bahamas"
        },
        {
          "code": "BH",
          "name": "Bahrain"
        },
        {
          "code": "BD",
          "name": "Bangladesh"
        },
        {
          "code": "BB",
          "name": "Barbados"
        },
        {
          "code": "BY",
          "name": "Belarus"
        },
        {
          "code": "BE",
          "name": "Belgium"
        },
        {
          "code": "BZ",
          "name": "Belize"
        },
        {
          "code": "BJ",
          "name": "Benin"
        },
        {
          "code": "BM",
          "name": "Bermuda"
        },
        {
          "code": "BT",
          "name": "Bhutan"
        },
        {
          "code": "BO",
          "name": "Bolivia"
        },
        {
          "code": "BA",
          "name": "Bosnia and Hercegovina"
        },
        {
          "code": "BW",
          "name": "Botswana"
        },
        {
          "code": "BR",
          "name": "Brazil"
        },
        {
          "code": "BN",
          "name": "Brunei"
        },
        {
          "code": "BG",
          "name": "Bulgaria"
        },
        {
          "code": "BF",
          "name": "Burkina Faso"
        },
        {
          "code": "BI",
          "name": "Burundi"
        },
        {
          "code": "ZX",
          "name": "CIS East"
        },
        {
          "code": "KH",
          "name": "Cambodia"
        },
        {
          "code": "CM",
          "name": "Cameroon"
        },
        {
          "code": "CA",
          "name": "Canada"
        },
        {
          "code": "CV",
          "name": "Cape Verde"
        },
        {
          "code": "KY",
          "name": "Cayman Islands"
        },
        {
          "code": "CF",
          "name": "Central African Republic"
        },
        {
          "code": "TD",
          "name": "Chad"
        },
        {
          "code": "CL",
          "name": "Chile"
        },
        {
          "code": "CN",
          "name": "China, Peoples Republic of"
        },
        {
          "code": "CO",
          "name": "Colombia"
        },
        {
          "code": "KM",
          "name": "Comoros"
        },
        {
          "code": "CG",
          "name": "Congo"
        },
        {
          "code": "CK",
          "name": "Cook Islands"
        },
        {
          "code": "CR",
          "name": "Costa Rica"
        },
        {
          "code": "HR",
          "name": "Croatia"
        },
        {
          "code": "CW",
          "name": "Curacao"
        },
        {
          "code": "CY",
          "name": "Cyprus"
        },
        {
          "code": "CZ",
          "name": "Czech Republic"
        },
        {
          "code": "CD",
          "name": "Democratic Republic of Congo"
        },
        {
          "code": "DK",
          "name": "Denmark"
        },
        {
          "code": "DJ",
          "name": "Djibouti"
        },
        {
          "code": "DM",
          "name": "Dominica"
        },
        {
          "code": "DO",
          "name": "Dominican Republic"
        },
        {
          "code": "TP",
          "name": "East Timor*"
        },
        {
          "code": "EC",
          "name": "Ecuador"
        },
        {
          "code": "EG",
          "name": "Egypt"
        },
        {
          "code": "SV",
          "name": "El Salvador"
        },
        {
          "code": "GQ",
          "name": "Equatorial Guinea"
        },
        {
          "code": "ER",
          "name": "Eritrea"
        },
        {
          "code": "EE",
          "name": "Estonia"
        },
        {
          "code": "ET",
          "name": "Ethiopia"
        },
        {
          "code": "FK",
          "name": "Falkland Islands"
        },
        {
          "code": "FO",
          "name": "Faroe Islands"
        },
        {
          "code": "FJ",
          "name": "Fiji"
        },
        {
          "code": "FI",
          "name": "Finland"
        },
        {
          "code": "FR",
          "name": "France"
        },
        {
          "code": "GF",
          "name": "French Guiana"
        },
        {
          "code": "PF",
          "name": "French Polynesia"
        },
        {
          "code": "GA",
          "name": "Gabon"
        },
        {
          "code": "GM",
          "name": "Gambia"
        },
        {
          "code": "GE",
          "name": "Georgia"
        },
        {
          "code": "DE",
          "name": "Germany"
        },
        {
          "code": "GH",
          "name": "Ghana"
        },
        {
          "code": "GI",
          "name": "Gibraltar"
        },
        {
          "code": "01",
          "name": "Global/GLP"
        },
        {
          "code": "GO",
          "name": "Gokul"
        },
        {
          "code": "GR",
          "name": "Greece"
        },
        {
          "code": "GL",
          "name": "Greenland"
        },
        {
          "code": "GD",
          "name": "Grenada"
        },
        {
          "code": "GP",
          "name": "Guadeloupe"
        },
        {
          "code": "GT",
          "name": "Guatemala"
        },
        {
          "code": "GN",
          "name": "Guinea"
        },
        {
          "code": "GW",
          "name": "Guinea-Bissau"
        },
        {
          "code": "GC",
          "name": "Gulf Countries"
        },
        {
          "code": "GY",
          "name": "Guyana"
        },
        {
          "code": "Hx",
          "name": "HXJ Test Country"
        },
        {
          "code": "HT",
          "name": "Haiti"
        },
        {
          "code": "HN",
          "name": "Honduras"
        },
        {
          "code": "HK",
          "name": "Hong Kong"
        },
        {
          "code": "HU",
          "name": "Hungary"
        },
        {
          "code": "IS",
          "name": "Iceland"
        },
        {
          "code": "IN",
          "name": "India"
        },
        {
          "code": "ID",
          "name": "Indonesia"
        },
        {
          "code": "IR",
          "name": "Iran"
        },
        {
          "code": "IQ",
          "name": "Iraq"
        },
        {
          "code": "IE",
          "name": "Ireland"
        },
        {
          "code": "IL",
          "name": "Israel"
        },
        {
          "code": "IT",
          "name": "Italy"
        },
        {
          "code": "CI",
          "name": "Ivory Coast"
        },
        {
          "code": "JM",
          "name": "Jamaica"
        },
        {
          "code": "JP",
          "name": "Japan"
        },
        {
          "code": "JO",
          "name": "Jordan"
        },
        {
          "code": "KZ",
          "name": "Kazakhstan"
        },
        {
          "code": "KE",
          "name": "Kenya"
        },
        {
          "code": "KR",
          "name": "Korea, Republic of"
        },
        {
          "code": "KV",
          "name": "Kosovo"
        },
        {
          "code": "KW",
          "name": "Kuwait"
        },
        {
          "code": "KG",
          "name": "Kyrgyzstan"
        },
        {
          "code": "LA",
          "name": "Laos People's Democratic Republic"
        },
        {
          "code": "LN",
          "name": "Latin America - NSC"
        },
        {
          "code": "LV",
          "name": "Latvia"
        },
        {
          "code": "LB",
          "name": "Lebanon"
        },
        {
          "code": "LS",
          "name": "Lesotho"
        },
        {
          "code": "LR",
          "name": "Liberia"
        },
        {
          "code": "LY",
          "name": "Libyan Arab Jamahiriya"
        },
        {
          "code": "LI",
          "name": "Liechtenstein"
        },
        {
          "code": "LT",
          "name": "Lithuania"
        },
        {
          "code": "LU",
          "name": "Luxembourg"
        },
        {
          "code": "UK",
          "name": "MTP TSA Exit Phase II TEST"
        },
        {
          "code": "MO",
          "name": "Macao (Macau)"
        },
        {
          "code": "MK",
          "name": "Macedonia (Skopje)"
        },
        {
          "code": "MG",
          "name": "Madagascar"
        },
        {
          "code": "MW",
          "name": "Malawi"
        },
        {
          "code": "MY",
          "name": "Malaysia"
        },
        {
          "code": "MV",
          "name": "Maldives, Republic of"
        },
        {
          "code": "ML",
          "name": "Mali"
        },
        {
          "code": "MT",
          "name": "Malta-Gozo"
        },
        {
          "code": "MQ",
          "name": "Martinique"
        },
        {
          "code": "MR",
          "name": "Mauritania"
        },
        {
          "code": "MU",
          "name": "Mauritius"
        },
        {
          "code": "YT",
          "name": "Mayotte"
        },
        {
          "code": "MX",
          "name": "Mexico"
        },
        {
          "code": "50",
          "name": "MiamiNSC"
        },
        {
          "code": "MD",
          "name": "Moldova"
        },
        {
          "code": "MC",
          "name": "Monaco"
        },
        {
          "code": "MN",
          "name": "Mongolia"
        },
        {
          "code": "ME",
          "name": "Montenegro"
        },
        {
          "code": "MA",
          "name": "Morocco"
        },
        {
          "code": "MZ",
          "name": "Mozambique"
        },
        {
          "code": "MM",
          "name": "Myanmar"
        },
        {
          "code": "NA",
          "name": "Namibia"
        },
        {
          "code": "NP",
          "name": "Nepal"
        },
        {
          "code": "NL",
          "name": "Netherlands"
        },
        {
          "code": "AN",
          "name": "Netherlands Antilles"
        },
        {
          "code": "NC",
          "name": "New Caledonia"
        },
        {
          "code": "NZ",
          "name": "New Zealand"
        },
        {
          "code": "NI",
          "name": "Nicaragua"
        },
        {
          "code": "NE",
          "name": "Niger"
        },
        {
          "code": "NG",
          "name": "Nigeria"
        },
        {
          "code": "NO",
          "name": "Norway"
        },
        {
          "code": "OM",
          "name": "Oman"
        },
        {
          "code": "PK",
          "name": "Pakistan"
        },
        {
          "code": "PS",
          "name": "Palestine"
        },
        {
          "code": "PA",
          "name": "Panama"
        },
        {
          "code": "PG",
          "name": "Papua New Guinea"
        },
        {
          "code": "PY",
          "name": "Paraguay"
        },
        {
          "code": "PE",
          "name": "Peru"
        },
        {
          "code": "PH",
          "name": "Philippines"
        },
        {
          "code": "PL",
          "name": "Poland"
        },
        {
          "code": "PT",
          "name": "Portugal"
        },
        {
          "code": "PR",
          "name": "Puerto Rico"
        },
        {
          "code": "QE",
          "name": "QA EU Country"
        },
        {
          "code": "QA",
          "name": "Qatar"
        },
        {
          "code": "RE",
          "name": "Reunion"
        },
        {
          "code": "RO",
          "name": "Romania"
        },
        {
          "code": "RU",
          "name": "Russia"
        },
        {
          "code": "RW",
          "name": "Rwanda"
        },
        {
          "code": "KN",
          "name": "Saint Kitts and Nevis"
        },
        {
          "code": "LC",
          "name": "Saint Lucia"
        },
        {
          "code": "VC",
          "name": "Saint Vincent and the Grenadines"
        },
        {
          "code": "SM",
          "name": "San Marino"
        },
        {
          "code": "ST",
          "name": "Sao Tome and Principe"
        },
        {
          "code": "SA",
          "name": "Saudi Arabia"
        },
        {
          "code": "SN",
          "name": "Senegal"
        },
        {
          "code": "CS",
          "name": "Serbia and Montenegro"
        },
        {
          "code": "RS",
          "name": "Serbia, Republic of"
        },
        {
          "code": "SC",
          "name": "Seychelles"
        },
        {
          "code": "SL",
          "name": "Sierra Leone"
        },
        {
          "code": "SG",
          "name": "Singapore"
        },
        {
          "code": "SK",
          "name": "Slovak Republic"
        },
        {
          "code": "SI",
          "name": "Slovenia"
        },
        {
          "code": "SB",
          "name": "Solomon Islands"
        },
        {
          "code": "SO",
          "name": "Somalia"
        },
        {
          "code": "ZA",
          "name": "South Africa, Republic of"
        },
        {
          "code": "SS",
          "name": "South Sudan"
        },
        {
          "code": "ES",
          "name": "Spain"
        },
        {
          "code": "LK",
          "name": "Sri Lanka"
        },
        {
          "code": "PM",
          "name": "St. Pierre and Miquelon"
        },
        {
          "code": "SD",
          "name": "Sudan"
        },
        {
          "code": "SR",
          "name": "Surinam"
        },
        {
          "code": "SZ",
          "name": "Swaziland"
        },
        {
          "code": "SE",
          "name": "Sweden"
        },
        {
          "code": "CH",
          "name": "Switzerland"
        },
        {
          "code": "SY",
          "name": "Syrian Arab Republic"
        },
        {
          "code": "ZZ",
          "name": "TEST TSA "
        },
        {
          "code": "en",
          "name": "TSA Exit MTP Phase II"
        },
        {
          "code": "TW",
          "name": "Taiwan"
        },
        {
          "code": "TJ",
          "name": "Tajikistan"
        },
        {
          "code": "TZ",
          "name": "Tanzania, United Republic of"
        },
        {
          "code": "ZJ",
          "name": "Test Country"
        },
        {
          "code": "ZT",
          "name": "TestCntry"
        },
        {
          "code": "ZP",
          "name": "TestCountry2"
        },
        {
          "code": "RJ",
          "name": "Testing QA"
        },
        {
          "code": "TH",
          "name": "Thailand, Kingdom of"
        },
        {
          "code": "TL",
          "name": "Timor Leste"
        },
        {
          "code": "TG",
          "name": "Togo"
        },
        {
          "code": "TO",
          "name": "Tonga"
        },
        {
          "code": "TT",
          "name": "Trinidad and Tobago"
        },
        {
          "code": "TN",
          "name": "Tunisia"
        },
        {
          "code": "TR",
          "name": "Turkey"
        },
        {
          "code": "TM",
          "name": "Turkmenistan"
        },
        {
          "code": "TC",
          "name": "Turks and Caicos Islands"
        },
        {
          "code": "UG",
          "name": "Uganda"
        },
        {
          "code": "UA",
          "name": "Ukraine"
        },
        {
          "code": "AE",
          "name": "United Arab Emirates"
        },
        {
          "code": "GB",
          "name": "United Kingdom"
        },
        {
          "code": "US",
          "name": "United States"
        },
        {
          "code": "UY",
          "name": "Uruguay"
        },
        {
          "code": "UZ",
          "name": "Uzbekistan"
        },
        {
          "code": "VU",
          "name": "Vanuatu"
        },
        {
          "code": "VA",
          "name": "Vatican City State"
        },
        {
          "code": "VE",
          "name": "Venezuela"
        },
        {
          "code": "VN",
          "name": "Vietnam"
        },
        {
          "code": "VG",
          "name": "Virgin Islands (British)"
        },
        {
          "code": "VI",
          "name": "Virgin Islands (U.S.)"
        },
        {
          "code": "WF",
          "name": "Wallis and Futuna Islands"
        },
        {
          "code": "WS",
          "name": "Western Samoa"
        },
        {
          "code": "YE",
          "name": "Yemen, Republic of"
        },
        {
          "code": "ZM",
          "name": "Zambia"
        },
        {
          "code": "ZW",
          "name": "Zimbabwe"
        }
      ]
    }
  }
}