{
  "data": {
    "employeeList": {
      "didError": false,
      "errorCode": null,
      "errorMessage": null,
      "totalPageCount": 121,
      "employees": [
        {
          "lastName": "Last1",
          "firstName": "First1",
          "country": "IN",
          "emailAddress": "user1@dummy.com",
          "employeeNumber": 21698236,
          "phoneNumber": "+91  9673362666",
          "tenantId": "",
          "tenantDealOverrideFlag": "Y",
          "federalAccessFlag": "N"
        },
        {
          "lastName": "Last2",
          "firstName": "First2",
          "country": "US",
          "emailAddress": "user2@dummy.com",
          "employeeNumber": 24045737,
          "phoneNumber": "",
          "tenantId": "HPI",
          "tenantDealOverrideFlag": "N",
          "federalAccessFlag": ""
        },
        {
          "lastName": "Last3",
          "firstName": "First3",
          "country": "US",
          "emailAddress": "user3@dummy.com",
          "employeeNumber": 653237,
          "phoneNumber": "+1 5129543585",
          "tenantId": "HPI",
          "tenantDealOverrideFlag": "Y",
          "federalAccessFlag": "N"
        },
        {
          "lastName": "Last4",
          "firstName": "First4",
          "country": "IN",
          "emailAddress": "user4@dummy.com",
          "employeeNumber": 21748327,
          "phoneNumber": "+91  7208004344",
          "tenantId": "",
          "tenantDealOverrideFlag": "N",
          "federalAccessFlag": "N"
        },
        {
          "lastName": "Last5",
          "firstName": "First5",
          "country": "",
          "emailAddress": "user5@dummy.com",
          "employeeNumber": 24105472,
          "phoneNumber": "",
          "tenantId": "HPI",
          "tenantDealOverrideFlag": "Y",
          "federalAccessFlag": ""
        }
      ]
    }
  }
}